Name,Price,Cuisine Category,City,Region,Cuisine Types,Rating Types,Rating
The Salt Cafe Kitchen & Bar,1000,"North Indian,Continental,Italian",Agra,Tajganj,Casual Dining,Excellent,4.8
Bhagat Halwai,300,"Desserts,Bakery,Fast Food,South Indian",Agra,Civil Lines,Quick Bites,Very Good,4.3
Bikanervala,700,"North Indian,South Indian,Mithai,Street Food,Desserts",Agra,Khandari,Quick Bites,Very Good,4.4
Mama Chicken Mama Franky House,600,"North Indian,Mughlai,Rolls,Chinese,Fast Food,Street Food",Agra,Agra Cantt,Quick Bites,Very Good,4.3
Honeydew Restaurant,500,"North Indian,Fast Food,Chinese,South Indian",Agra,Dayal Bagh,Quick Bites,Very Good,4.1
Cafe Turquoise Cottage,1600,"North Indian,Chinese,Continental,Italian,Pizza",Agra,Tajganj,Casual Dining,Excellent,4.7
Hichkee,1200,"Continental,North Indian,Chinese",Agra,Civil Lines,Casual Dining,Very Good,4.4
Domino's Pizza,700,"Pizza,Fast Food",Agra,Civil Lines,Quick Bites,Good,3.9
Urban Deck,1000,"Mexican,Italian,North Indian",Agra,Khandari,Casual Dining,Very Good,4.3
Pinch Of Spice,1600,"North Indian,Chinese,Mughlai",Agra,Civil Lines,Casual Dining,Excellent,4.5
Pizza Hut,700,"Italian,Pizza",Agra,Tajganj,Casual Dining,Very Good,4.0
Aahar,700,"North Indian,South Indian,Chinese,Bakery,Momos",Agra,Civil Lines,Casual Dining,Very Good,4.0
Tea'se Me - Rooftop Tea Boutique,1000,"Chinese,Italian,Continental,North Indian",Agra,Tajganj,Casual Dining,Excellent,4.7
Shree Balaji Family Restaurant,400,"North Indian,South Indian,Fast Food",Agra,Sikandra,Quick Bites,Good,3.8
GMB - Gopika Sweets & Restaurant,400,"Desserts,North Indian,South Indian,Chinese,Fast Food,Street Food",Agra,Tajganj,Casual Dining,Very Good,4.1
Kings Pizza And Burger,200,Fast Food,Agra,Kamla Nagar,Quick Bites,Good,3.5
RS Sweets & Restaurant,650,"North Indian,South Indian",Agra,Dayal Bagh,Casual Dining,Good,3.7
Cake D'or,1600,"Bakery,Desserts",Agra,Civil Lines,Bakery,Very Good,4.1
Mirch  Lagi,100,North Indian,Agra,Civil Lines,Quick Bites,Good,3.7
Lakshmi Vilas,400,South Indian,Agra,Agra Cantt,Casual Dining,Good,3.7
Mughal Spice,1150,"North Indian,Chinese,Continental",Agra,Tajganj,Casual Dining,Very Good,4.0
Cake House,300,Bakery,Agra,Kamla Nagar,Quick Bites,Good,3.7
Chai Garam,200,"Tea,Street Food",Agra,Civil Lines,Quick Bites,Average,3.4
The Global Savour,600,North Indian,Agra,Tajganj,Casual Dining,Good,3.8
Preetam,100,Bakery,Agra,Dayal Bagh,Quick Bites,Good,3.6
Golden China Restaurant,800,Chinese,Agra,Tajganj,Casual Dining,Good,3.5
Delhi Darbar Restaurant,800,"North Indian,Chinese",Agra,Rakabganj,Casual Dining,Poor,2.4
Sadar Wala,100,"Fast Food,Rolls",Agra,Shahganj,Others,Good,3.7
Jeetu Dhaba,300,North Indian,Agra,Kamla Nagar,Dhaba,Average,2.8
Pradeep Store,150,Fast Food,Agra,Kamla Nagar,Quick Bites,Good,3.5
The Star Diner,300,"North Indian,South Indian,Chinese",Agra,Agra Cantt,Casual Dining,Good,3.6
Restaurant Nukkar,200,North Indian,Agra,Civil Lines,Casual Dining,Good,3.7
D's Family Restaurant,600,"North Indian,Chinese",Agra,Sikandra,Casual Dining,Good,3.8
Desire Bakers,100,Bakery,Agra,Kamla Nagar,Bakery,Good,3.8
Shri Thakur Ji Misthan Bhandar,150,Mithai,Agra,Kamla Nagar,Sweet Shop,Good,3.5
New Agra Fast Food & Restaurant,250,North Indian,Agra,Agra Cantt,Quick Bites,Good,3.7
Sips And Bites,250,"Fast Food,Beverages,Italian",Agra,Shahganj,Quick Bites,Good,3.8
Chota Mama Chicken & Mama Veg,700,North Indian,Agra,Sikandra,Quick Bites,Average,3.0
Brijwasi  Sweets & Restaurant,300,"Mithai,North Indian",Agra,Civil Lines,Quick Bites,Average,3.4
Agarwal Sweets & Dairy,300,Desserts,Agra,Shahganj,Dessert Parlor,Good,3.8
Taj Mahal Family Restaurant,1000,"North Indian,Mughlai",Agra,Tajganj,Casual Dining,Average,3.4
The Street Cafe And Bistro,300,"Desserts,Fast Food",Agra,Kamla Nagar,Quick Bites,Average,3.4
Sai Khandelaa Restaurant,1000,"North Indian,Chinese,Continental,Mughlai",Agra,Agra Cantt,Casual Dining,Good,3.9
Pind Balluchi,1000,"Mughlai,North Indian",Agra,Sikandra,Casual Dining,Good,3.6
Biryani King,300,Biryani,Agra,Kamla Nagar,Quick Bites,Good,3.6
Taj Terrace - Hotel Taj Resorts,1000,"North Indian,Continental,Chinese",Agra,Tajganj,Casual Dining,Good,3.9
Burger Point,100,"Fast Food,Beverages",Agra,Sikandra,Quick Bites,Average,3.4
Millenium Motors and Cafe,220,Cafe,Agra,Dayal Bagh,Cafe,Good,3.6
Amritsari Tandoori Kulcha Wa Choor Choor Naan,250,North Indian,Agra,Civil Lines,Quick Bites,Good,3.7
Tongue Twister,150,Chinese,Agra,Kamla Nagar,Others,Good,3.7
Ambey Bakers,300,Bakery,Agra,Civil Lines,Bakery,Good,3.8
Udupi Shri Krishna Vilas,500,"South Indian,North Indian",Agra,Tajganj,Casual Dining,Good,3.7
Bake'O'Fy,300,"Fast Food,Desserts",Agra,Dayal Bagh,Quick Bites,Good,3.7
Chickenwala.com,300,North Indian,Agra,Sikandra,Quick Bites,Good,3.5
Red Caffino,200,"Pizza,Burger,Beverages,Desserts",Agra,Tajganj,Quick Bites,Good,3.5
Jackson Egg Corner,100,Fast Food,Agra,Civil Lines,Quick Bites,Average,3.1
Sagar Ratna,600,"South Indian,North Indian,Chinese",Agra,Khandari,Casual Dining,Good,3.5
Ajanta Sweets,200,Mithai,Agra,Kamla Nagar,Sweet Shop,Good,3.7
The Rasoi,200,Fast Food,Agra,Sikandra,Quick Bites,Average,3.4
Guru Kripa Bhojnalaya,300,North Indian,Agra,Kamla Nagar,Quick Bites,Very Good,4.0
Manohar Lal Daulat Ram Garg Gajak Wale,150,Mithai,Agra,Sikandra,Sweet Shop,Good,3.5
The Delicious Restaurant,500,Fast Food,Agra,Shahganj,Quick Bites,Average,3.2
Jab We Meet,500,"North Indian,Mughlai",Agra,Civil Lines,Quick Bites,Good,3.6
Chai Ka Adda,100,Tea,Agra,Sikandra,Beverage Shop,Good,3.7
Kushwah Lassi Corner,100,Beverages,Agra,Shahganj,Beverage Shop,Average,3.4
Agra Bana,800,"North Indian,Chinese,Continental,South Indian",Agra,Kuberpur,Casual Dining,Good,3.5
24*7 Hunger Solutions,200,"North Indian,Chinese,Continental",Agra,Agra Cantt,Others,Good,3.5
Neelam Restaurant,400,North Indian,Agra,Dayal Bagh,Casual Dining,Average,3.4
Ripples - Mansingh Palace,1500,"North Indian,Continental",Agra,Mansingh Palace-- Tajganj,Fine Dining,Very Good,4.1
Sheesh Mahal - Mansingh Palace,1800,"North Indian,Chinese,Continental",Agra,Mansingh Palace-- Tajganj,Fine Dining,Good,3.6
Anil Gajak Palace,300,Mithai,Agra,Civil Lines,Sweet Shop,Good,3.8
Kesar Restaurant,1200,"North Indian,Chinese,Continental",Agra,Tajganj,Casual Dining,Average,3.3
FNP Cakes ‘n’ More,200,"Bakery,Desserts",Agra,Rakabganj,Bakery,Good,3.5
Healthy & Tasty Food,300,Fast Food,Agra,Shahganj,Quick Bites,Good,3.5
Kings Pizza And Burger,200,"Pizza,Burger",Agra,Rakabganj,Quick Bites,Good,3.5
Bob Marley Restaurant,600,North Indian,Agra,Tajganj,Casual Dining,Average,3.2
Crazy Burger,100,Burger,Agra,Sikandra,Quick Bites,Good,3.6
Shri Dauji Sweets,200,"Mithai,Street Food",Agra,Shahganj,Sweet Shop,Average,3.0
Om Restaurant,250,North Indian,Agra,Civil Lines,Quick Bites,Good,3.7
Bhaagya Shree Studio & Bakers,250,Bakery,Agra,Kamla Nagar,Bakery,Good,3.6
Brijwasi Bhojnalaya,200,North Indian,Agra,Rakabganj,Bhojanalya,Average,3.4
Food & Fight,200,Fast Food,Agra,Sikandra,Quick Bites,Good,3.5
Jenith Fast Food,300,"North Indian,South Indian,Continental",Agra,Mantola,Quick Bites,Average,3.4
Chef Signature,900,"Fast Food,Continental,Indian",Agra,Tajganj,Quick Bites,Average,3.0
Food Treasure,200,"Bakery,Fast Food",Agra,Sikandra,Bakery,Good,3.5
Iccha Veg Biryani,100,Biryani,Agra,Sikandra,Kiosk,Good,3.5
The Park Restaurant,1000,"North Indian,Chinese,Continental,Mughlai",Agra,Agra Cantt,Casual Dining,Good,3.6
Agarsen Sweet,600,"Mithai,Fast Food",Agra,Sikandra,Sweet Shop,Average,3.4
Chhabra Bakers and Confectioners,200,"Bakery,Fast Food",Agra,Shahganj,Confectionery,Average,3.2
Laxman Momo's Corner,100,Momos,Agra,Tajganj,Quick Bites,Good,3.5
Pracheen Petha,200,Desserts,Agra,Civil Lines,Sweet Shop,Good,3.5
Bansal Sweets,100,"Mithai,Street Food",Agra,Shahganj,Sweet Shop,Average,2.7
AFC Kitchen,300,Fast Food,Agra,Tajganj,Quick Bites,Average,3.3
The Crispy Treat,150,Fast Food,Agra,Sikandra,Quick Bites,Average,3.3
Pranjal Food Court,300,Fast Food,Agra,Sikandra,Quick Bites,Average,3.0
Goli Vada Paav No.1,100,Street Food,Agra,Shahganj,Quick Bites,Average,3.2
Giani,300,"Beverages,Desserts,Ice Cream",Agra,Civil Lines,Dessert Parlor,Average,2.5
Laxman Momo's Corner,100,Street Food,Agra,Agra Cantt,Quick Bites,Good,3.8
Shagun Cafe,100,"Bakery,Cafe",Agra,Khandari,Quick Bites,Average,3.4
Cake & More,500,Bakery,Agra,Kamla Nagar,Quick Bites,Average,3.0
Panchhi Petha Store,400,Mithai,Agra,Mantola,Sweet Shop,Average,3.4
Mor Mukut Misthan Bhandar,400,"Mithai,Desserts,Street Food",Agra,Kamla Nagar,Sweet Shop,Average,3.3
Garg Dairy,200,"Bakery,Fast Food",Agra,Kamla Nagar,Bakery,Average,3.3
Fauzi Dhaba,650,"North Indian,Chinese,Continental",Agra,Tajganj,Casual Dining,Average,3.0
Hungernomia,300,"Wraps,Sandwich,Burger,Fast Food",Agra,Civil Lines,Quick Bites,Average,3.3
Jugalbandi,250,"North Indian,Chinese",Agra,Sikandra,Quick Bites,Average,3.4
Maya Restaurant,900,"North Indian,Chinese,Continental",Agra,Tajganj,Casual Dining,Average,2.7
Little N Chef,200,"Chinese,Fast Food",Agra,Shahganj,Quick Bites,Good,3.5
Little Maggi Point,150,Fast Food,Agra,Kamla Nagar,Quick Bites,Average,3.2
Cafe Coffee Day,500,"Cafe,Fast Food",Agra,Civil Lines,Cafe,Good,3.9
Swad Restaurant,500,North Indian,Agra,Agra Cantt,Casual Dining,Good,3.5
Yes Restaurant,300,"North Indian,South Indian",Agra,Tajganj,Others,Average,3.4
Hunger Target,200,Chinese,Agra,Agra Cantt,Quick Bites,Average,3.4
Hiralal Misthan Bhandar,250,Mithai,Agra,Civil Lines,Sweet Shop,Average,3.2
Biryaniwala,200,Biryani,Agra,Mantola,Others,Average,3.4
Chinu Bakers,150,Fast Food,Agra,Kamla Nagar,Others,Good,3.5
Thor The Party World,500,"North Indian,Chinese,Italian",Agra,Tajganj,Lounge,Very Good,4.0
Jai Jhulelal Patties Corner,100,Fast Food,Agra,Shahganj,Quick Bites,Good,3.6
Shubham Restaurant,500,"North Indian,Chinese,South Indian,Fast Food",Agra,Arjun Nagar,Casual Dining,Average,2.8
Pizza Pasta Corner,250,Pizza,Agra,Shahganj,Quick Bites,Average,3.3
Brownee,100,Fast Food,Agra,Kamla Nagar,Quick Bites,Average,3.3
Vaishno Bhalla House,200,Fast Food,Agra,Rakabganj,Quick Bites,Average,3.4
Aastha Family Dhaba,350,North Indian,Agra,Tajganj,Quick Bites,Average,3.2
Me & My Choice,500,Fast Food,Agra,Shahganj,Quick Bites,Average,3.4
AJ's Cafe & Bakery,300,Cafe,Agra,Agra Cantt,Cafe,Average,2.8
Moti Mahal Restaurant,800,"North Indian,Chinese,Continental",Agra,Tajganj,Casual Dining,Average,3.0
Djlecious By Divya,400,Bakery,Agra,Mantola,Others,Average,3.4
Bazaar Cafe,400,Cafe,Agra,Sikandra,Cafe,Average,3.4
Royals Cafe Corner Restaurant,700,"Cafe,North Indian,Chinese,Continental",Agra,Tajganj,Cafe,Average,3.2
Choki Dhani - Rajasthani Bhojnalya,200,"Rajasthani,North Indian",Agra,Sikandra,Quick Bites,Average,3.1
Ravi Fast Food,200,Fast Food,Agra,Civil Lines,Quick Bites,Good,3.6
Food Factory,100,Fast Food,Agra,Sikandra,Quick Bites,Average,3.4
Biryani Point,150,Biryani,Agra,Shahganj,Quick Bites,Average,3.4
Freshop,200,Fast Food,Agra,Civil Lines,Quick Bites,Average,3.4
Ceezak Food Corner,350,"Chinese,Fast Food",Agra,Arjun Nagar,Quick Bites,Average,3.3
China Town,200,Fast Food,Agra,Shahganj,Quick Bites,Average,3.3
New Chetna Store Patties Hub,100,Fast Food,Agra,Civil Lines,Quick Bites,Average,3.4
Burgero,400,"Burger,Fast Food",Agra,Shahganj,Quick Bites,Average,2.8
Sri Balaji Restaurant,500,"South Indian,North Indian,Beverages",Agra,Tajganj,Casual Dining,Average,3.4
Freaky Burger,200,Burger,Agra,Rakabganj,Quick Bites,Average,3.1
Sanjay Food Corner,100,North Indian,Agra,Sikandra,Quick Bites,Average,3.2
Punjabi Tadka,100,"Fast Food,North Indian",Agra,Sikandra,Quick Bites,Average,3.3
Thug Truck,150,"Fast Food,Chinese",Agra,Khandari,Food Truck,Average,3.4
Shri Radhay Chaat Bhandar,150,Fast Food,Agra,Kamla Nagar,Others,Average,3.4
the bollywood fries,200,Fast Food,Agra,Kamla Nagar,Quick Bites,Average,3.2
Wow Vada Pav,200,"Street Food,Wraps,Burger",Agra,Sikandra,Quick Bites,Average,3.3
Sprinkle Bakery And Fast Food,200,"Bakery,Fast Food",Agra,Sikandra,Bakery,Average,3.4
Speise Restaurant,500,"Biryani,Chinese,Mughlai,Indian",Agra,Tajganj,Casual Dining,Average,3.3
Sagra,200,Fast Food,Agra,Agra Cantt,Quick Bites,Average,3.4
Dr Cake And Confectionery,150,Fast Food,Agra,Kamla Nagar,Quick Bites,Average,3.3
Isha Food Plaza,150,"Fast Food,Bakery",Agra,Dayal Bagh,Quick Bites,Average,3.3
Taste And Food,150,North Indian,Agra,Sikandra,Quick Bites,Average,3.4
Food Paradise,200,"Bakery,Desserts",Agra,Sikandra,Bakery,Average,3.1
Club 2100,300,Fast Food,Agra,Kamla Nagar,Quick Bites,Average,3.3
FCB Fast Food Corner,300,Fast Food,Agra,Tajganj,Quick Bites,Average,3.2
Habova's BL Food Plaza,350,"Chinese,Indian,North Indian",Agra,Sikandra,Quick Bites,Average,3.2
Rola Wala,400,"Rolls,Chinese,Momos",Agra,Khandari,Quick Bites,Good,3.6
Amartsari Naan Thali,200,North Indian,Agra,Civil Lines,Quick Bites,Average,3.0
Chinu Restaurant,400,North Indian,Agra,Kamla Nagar,Casual Dining,Average,3.1
Riya dairy & fast food,100,Fast Food,Agra,Dayal Bagh,Quick Bites,Average,3.3
Tasty Bite Restaurant,800,"North Indian,Chinese",Agra,Tajganj,Casual Dining,Average,2.9
Indo American Foods,150,"Fast Food,Italian",Agra,Dayal Bagh,Quick Bites,Average,3.3
JMB Bakery,350,"Bakery,Fast Food",Agra,Sikandra,Quick Bites,Average,3.1
Pracheen Petha,410,Desserts,Agra,Civil Lines,Sweet Shop,Good,3.5
Anokhe Paratha,150,North Indian,Agra,Tajganj,Quick Bites,Average,3.3
Yadav Dhaba Purana,300,North Indian,Agra,Civil Lines,Dhaba,Good,3.9
Mocha,1500,"Cafe,Italian,Chinese,Continental,North Indian",Agra,Tajganj,Cafe,Very Good,4.3
Jahanpanah,850,"North Indian,Mughlai",Agra,Agra Cantt,Casual Dining,Good,3.9
Subway,500,"Healthy Food,Sandwich,Salad",Agra,Khandari,Quick Bites,Very Good,4.1
Papa Ji Da Dhaba,250,North Indian,Agra,Civil Lines,Dhaba,Very Good,4.0
Pind Balluchi,1000,"North Indian,Mughlai",Agra,Tajganj,Casual Dining,Very Good,4.2
Chapter 1 Cafe,1000,"Cafe,Italian,Mexican,North Indian,Continental",Agra,Tajganj,Cafe,Very Good,4.2
Sugar N Thyme,1000,"Cafe,Chinese,Thai,Continental,Italian,Bakery,Desserts",Agra,Tajganj,Cafe,Very Good,4.3
Amritsari Kulcha Junction,600,North Indian,Agra,Civil Lines,Quick Bites,Very Good,4.1
G Thal,900,"Rajasthani,Gujarati,Mughlai",Agra,Khandari,Casual Dining,Good,3.7
D'Delicia,1600,"North Indian,Chinese,Mexican,Italian",Agra,Tajganj,Fine Dining,Excellent,4.6
Jain Restaurant,500,North Indian,Agra,Shahganj,Quick Bites,Very Good,4.2
Bhadawar Hotel,200,North Indian,Agra,Mantola,Quick Bites,Very Good,4.0
Thaaliwala,700,"North Indian,Fast Food",Agra,Tajganj,Casual Dining,Very Good,4.0
The Forest,800,Indian,Agra,Sikandra,Casual Dining,Good,3.7
Burger Panda,250,"Burger,Fast Food",Agra,Shahganj,Quick Bites,Good,3.9
Apollo Foods,400,Bakery,Agra,Civil Lines,Quick Bites,Average,3.1
Dear Shoppy,200,Fast Food,Agra,Khandari,Quick Bites,Average,3.3
Shri Mahaveer Bakery And Confectionery,150,"Desserts,Bakery",Agra,Sikandra,Bakery,Average,3.1
Mr. Food,200,Fast Food,Agra,Shahganj,Quick Bites,Average,3.4
Chai Dose,100,Tea,Agra,Dayal Bagh,Others,Average,3.4
Sukoon Restaurant,850,"North Indian,Desserts,Chinese,Biryani",Agra,Tajganj,Casual Dining,Good,3.5
Agarwal Sweet House,300,Mithai,Agra,Khandari,Sweet Shop,Good,3.5
Foodie Bites,250,"North Indian,Fast Food",Agra,Sikandra,Others,Average,3.1
S.R Restaurant & Fast food,500,"North Indian,Fast Food",Agra,Tajganj,Casual Dining,Average,2.9
Gravy Spicy Tasty,400,North Indian,Agra,Sikandra,Others,Average,3.2
Lick N Bite Bakers,300,Bakery,Agra,Sikandra,Bakery,Average,2.9
K.K Juice House,150,Juices,Agra,Lohamandi,Beverage Shop,Good,3.6
Munna Lal Sweets,150,Mithai,Agra,Mantola,Sweet Shop,Good,3.5
Grilled And Chilled Cafe,100,Fast Food,Agra,Sikandra,Others,Average,3.4
Prince Bakers,250,"Bakery,Fast Food",Agra,Civil Lines,Bakery,Average,3.2
New Agarwal Sweet,250,"Mithai,Street Food",Agra,Shahganj,Sweet Shop,Good,3.5
Cakeshh,800,Bakery,Agra,Dayal Bagh,Bakery,Average,3.2
K.D Bakers,200,Bakery,Agra,Sikandra,Dessert Parlor,Average,3.0
Indian Spice,450,"North Indian,South Indian,Chinese",Agra,Sikandra,Casual Dining,Average,2.8
Shivam Restaurant,250,"North Indian,Chinese,Fast Food",Agra,Tajganj,Quick Bites,Average,3.1
Vintage House,900,"North Indian,Continental",Agra,Tajganj,Casual Dining,Very Good,4.1
Rajmahal Restaurant,1000,"North Indian,Chinese",Agra,Tajganj,Casual Dining,Average,2.8
Naturelo,400,"Ice Cream,Desserts,Beverages",Agra,Civil Lines,Dessert Parlor,Very Good,4.0
Maruti Restaurant,700,"North Indian,South Indian,Chinese",Agra,Khandari,Casual Dining,Average,3.2
Maharaja Agrasen Confectionery,200,Bakery,Agra,Sikandra,Bakery,Average,3.4
Shubhansh Eat And Treat Point,200,Fast Food,Agra,Sikandra,Quick Bites,Average,3.4
Ram Shyam Pan Bhandar,100,Paan,Agra,Kamla Nagar,Paan Shop,Good,3.5
Unique Foodz & Bakez,300,Fast Food,Agra,Kamla Nagar,Quick Bites,Average,3.2
Shri Jagdamba Bakers,200,"Fast Food,Bakery",Agra,Kamla Nagar,Bakery,Average,3.2
Agarsen Sweets,400,Mithai,Agra,Civil Lines,Sweet Shop,Average,3.2
Indo Italian Street,200,Street Food,Agra,Kamla Nagar,Quick Bites,Average,3.3
Jain Food Court,300,North Indian,Agra,Khandari,Quick Bites,Average,3.1
Cake Room,100,Bakery,Agra,Tajganj,Bakery,Average,3.4
Imran Hot Roll Centre,100,Rolls,Agra,Shahganj,Kiosk,Average,3.2
Veg Express,300,North Indian,Agra,Civil Lines,Others,Average,3.1
Hotel  Neelkanth,300,North Indian,Agra,Civil Lines,Quick Bites,Average,3.4
Govind Ji Sweets,200,"Mithai,Street Food",Agra,Sikandra,Sweet Shop,Good,3.5
Top'n'treat,150,Fast Food,Agra,Khandari,Quick Bites,Average,3.1
Brothers Bistro,500,Cafe,Agra,Kamla Nagar,Cafe,Good,3.5
The Golden Grilled,400,"North Indian,Fast Food",Agra,Khandari,Casual Dining,Average,3.2
Novelty Restaurant,1000,"North Indian,Mughlai",Agra,Rakabganj,Casual Dining,Average,2.8
Gupta Bakery & Sweet Shop,250,Bakery,Agra,Tajganj,Bakery,Average,3.4
Prasadam,100,North Indian,Agra,Khandari,Quick Bites,Average,3.2
Yash Cafe,500,"North Indian,Fast Food",Agra,Tajganj,Casual Dining,Good,3.5
Rathi Ranchhod,200,Mithai,Agra,Sikandra,Sweet Shop,Good,3.5
Anant Krishna Foods,150,Bakery,Agra,Dayal Bagh,Bakery,Average,3.4
Punjabi Van,250,"North Indian,Fast Food",Agra,Kamla Nagar,Quick Bites,Average,2.9
Maggi Magic,200,Fast Food,Agra,Khandari,Quick Bites,Average,3.4
Gaurav Sweets,250,Mithai,Agra,Sikandra,Sweet Shop,Average,3.1
Little Spice Restaurant,250,"North Indian,South Indian,Continental",Agra,Tajganj,Quick Bites,Average,3.4
Ichchha Veg Briyani & Fast Food,200,"Biryani,Fast Food",Agra,Sikandra,Quick Bites,Average,3.2
BUDDIE'S CAFE,311,Cafe,Agra,Kamla Nagar,Cafe,Good,3.8
G Baba Francky Corner,200,Fast Food,Agra,Sikandra,Quick Bites,Average,3.1
Deshraj Ka Dhaba,150,North Indian,Agra,Civil Lines,Quick Bites,Average,3.4
Y NOT Cafe and restaurant,350,Cafe,Agra,Sikandra,Cafe,Good,3.8
Ahan Restaurant - Hotel Trisha Bhoomi Residency,850,"North Indian,Chinese,Continental",Agra,Tajganj,Casual Dining,Good,3.5
Bhimsain Baij Nath - Dalmoth Pehta Wala,200,"Mithai,Desserts",Agra,Civil Lines,Dessert Parlor,Good,3.6
Jyoti Family Restaurant,300,North Indian,Agra,Khandari,Quick Bites,Average,3.4
Ganga Khandvi Dhokla House,100,Fast Food,Agra,Kamla Nagar,Quick Bites,Average,3.4
Abdul Sattar Nashte Wale,150,Fast Food,Agra,Mantola,Quick Bites,Average,3.4
New Riao Restaurant,1000,"North Indian,Chinese,Mughlai,Continental",Agra,Agra Cantt,Casual Dining,Average,2.8
Desi Masala,200,North Indian,Agra,Civil Lines,Quick Bites,Average,3.2
Girraj Restaurant,200,North Indian,Agra,Civil Lines,Quick Bites,Average,3.4
Annapurna,500,"Chinese,Fast Food,North Indian,South Indian",Agra,Tajganj,Quick Bites,Average,3.4
Anjali Sweet,200,"Mithai,Fast Food",Agra,Sikandra,Sweet Shop,Good,3.5
Bedweiser Cafe,350,"North Indian,Fast Food",Agra,Tajganj,Quick Bites,Average,3.2
Gopal Juice Corner,100,Juices,Agra,Sikandra,Beverage Shop,Good,3.6
Relax He Relax Restaurant,800,"North Indian,Chinese",Agra,Tajganj,Quick Bites,Average,3.4
Thali Bhojnalaya,300,"North Indian,South Indian,Chinese",Agra,Tajganj,Quick Bites,Average,3.4
Swad Thali,200,North Indian,Agra,Mantola,Quick Bites,Average,3.4
Vidhi Foods,200,North Indian,Agra,Sikandra,Quick Bites,Average,3.4
Pandit Ji Sweets,200,Mithai,Agra,Shahganj,Sweet Shop,Good,3.5
Jai Pepsi Cafe,100,Street Food,Agra,Dayal Bagh,Quick Bites,Average,3.4
Gupta Ji Restaurant,100,North Indian,Agra,Tajganj,Quick Bites,Average,3.4
Goyal Sweet,250,Mithai,Agra,Kamla Nagar,Sweet Shop,Good,3.5
Jai Pratha King,100,North Indian,Agra,Dayal Bagh,Quick Bites,Average,3.4
New Taj Darbar,900,"North Indian,Chinese,Continental",Agra,Tajganj,Casual Dining,Good,3.5
Brijwasi Chat Bandar,100,Street Food,Agra,Sikandra,Quick Bites,Average,3.4
Khan Baba Fruits And Juice Corner,100,Juices,Agra,Sikandra,Beverage Shop,Good,3.6
Eats And Treats,300,Fast Food,Agra,Civil Lines,Others,Average,3.4
JMD Juice and Shakes,250,"Beverages,Fast Food",Agra,Agra Cantt,Beverage Shop,Good,3.6
The Idea Inn,800,"North Indian,Continental,Chinese",Agra,Tajganj,Casual Dining,Good,3.5
Karan Restaurant,1000,"Chinese,North Indian,Fast Food",Agra,Hotel Ganga Ratan-- Tajganj,Casual Dining,Average,3.1
Eggstroke,500,"North Indian,Rolls,Sandwich",Agra,Civil Lines,Quick Bites,Average,3.4
Jain Sweet,200,"Mithai,Desserts",Agra,Sikandra,Sweet Shop,Good,3.5
Pratap Restaurant,500,Cuisine Varies,Agra,Tajganj,Quick Bites,Average,3.4
Shree Dwarikadesh Dosa Corner,200,South Indian,Agra,Sikandra,Quick Bites,Average,3.4
Swad Sweets And Food Paradise,400,"North Indian,South Indian,Chinese",Agra,Shahganj,Quick Bites,Average,3.4
Agra Prasadam,250,North Indian,Agra,Civil Lines,Quick Bites,Average,3.4
Bedariya Ram Gajak Wale,700,Desserts,Agra,Mantola,Quick Bites,Average,3.4
Food By Kilo,250,North Indian,Agra,Civil Lines,Quick Bites,Average,3.4
Rajput Food Corner,150,North Indian,Agra,Civil Lines,Quick Bites,Average,3.4
Zaika's - The Taste,300,North Indian,Agra,Civil Lines,Quick Bites,Average,3.4
Green Park Restaurant,600,"North Indian,Mughlai",Agra,Tajganj,Casual Dining,Good,3.5
Star Chilli,1250,North Indian,Agra,Tajganj,Casual Dining,Good,3.5
The Glass Onion Cafe And Family Corner,250,North Indian,Agra,Dayal Bagh,Quick Bites,Average,3.4
Bansal Sweets,200,Mithai,Agra,Rakabganj,Sweet Shop,Good,3.5
Shree Krishna Murari Misthan Bhandar,200,"Desserts,Street Food,Fast Food",Agra,Dayal Bagh,Sweet Shop,Good,3.5
Mithaas Sweets & Snacks,200,Mithai,Agra,Tajganj,Sweet Shop,Good,3.5
Aapki Rasoi,200,North Indian,Agra,Dayal Bagh,Quick Bites,Average,3.4
Bhadawar Sweets,250,Mithai,Agra,Sikandra,Sweet Shop,Good,3.5
Prema Palace Hotel & Restaurant,1000,North Indian,Agra,Tajganj,Casual Dining,Good,3.5
Cafe Aim Korean Restaurant,350,Korean,Agra,Tajganj,Casual Dining,Good,3.5
Shri Parasnath Misthan Bhandar,300,"Mithai,Street Food",Agra,Mantola,Sweet Shop,Good,3.5
Shri Raj Bhojnalya,200,North Indian,Agra,Civil Lines,Bhojanalya,Average,3.3
Anna Purna Canteen,250,North Indian,Agra,Civil Lines,Quick Bites,Average,3.4
Pracheen Petha,100,"Desserts,Mithai",Agra,Mantola,Sweet Shop,Good,3.5
Radha Swami Chinese Fast Food,100,"North Indian,Chinese,Street Food",Agra,Tajganj,Quick Bites,Average,3.4
Lucky's Cafe,400,"Fast Food,Cafe,North Indian",Agra,Tajganj,Cafe,Good,3.8
Amrut Restaurant,300,North Indian,Agra,Dayal Bagh,Quick Bites,Average,3.4
Gun - Gun Confectionery,100,Fast Food,Agra,Shahganj,Others,Average,3.4
Brijwasi Sweet House,400,"Mithai,Desserts",Agra,Dayal Bagh,Sweet Shop,Good,3.5
Gupta Sweets,400,Mithai,Agra,Kamla Nagar,Sweet Shop,Good,3.5
Shiva Bhojhnalaya,200,North Indian,Agra,Sikandra,Quick Bites,Average,3.4
Gori Shankar Fruit &  Punchshake Corner,100,Beverages,Agra,Sikandra,Beverage Shop,Good,3.6
Krishna Namkeen and Sweet,200,Mithai,Agra,Shahganj,Sweet Shop,Good,3.5
Hiralal Food Corner,250,Fast Food,Agra,Civil Lines,Quick Bites,Average,3.4
VR Food Zone,250,Indian,Agra,Dayal Bagh,Quick Bites,Average,3.4
laxman Fast Food,200,Fast Food,Agra,Civil Lines,Quick Bites,Average,3.4
Chocolate Cafe,311,Bakery,Agra,Kamla Nagar,Others,Average,3.4
Jodha Restaurant,800,North Indian,Agra,Sikandra,Casual Dining,Good,3.5
Golden Grilled,400,Mughlai,Agra,Khandari,Quick Bites,Average,3.4
Apna Bhojnalaya,150,North Indian,Agra,Shahganj,Quick Bites,Average,3.4
Mama  Bhojnalya,600,"Healthy Food,North Indian,Fast Food",Agra,Kamla Nagar,Quick Bites,Average,3.4
Moolchand Grocery And Bakery,200,Bakery,Agra,Sikandra,Bakery,Average,3.4
Rajput Bakers,200,Bakery,Agra,Kuberpur,Bakery,Average,3.4
Grace Rooftop Restaurant,200,North Indian,Agra,Tajganj,Quick Bites,Average,3.4
Hotel Taj Heights,700,"North Indian,Chinese,Mughlai",Agra,Tajganj,Casual Dining,Good,3.5
Krishna Namkeen and Sweets,200,Mithai,Agra,Shahganj,Sweet Shop,Good,3.5
Harbour Delight - Hotel Light House,700,"North Indian,Chinese",Agra,Tajganj,Casual Dining,Good,3.5
Rudra Fast Food,100,North Indian,Agra,Shahganj,Quick Bites,Average,3.4
Pandit Ji Fast Food,200,Fast Food,Agra,Shahganj,Quick Bites,Average,3.4
Mama Cake House,150,Bakery,Agra,Kamla Nagar,Quick Bites,Average,3.4
Gaurav Bakers,150,"Bakery,Fast Food",Agra,Sikandra,Bakery,Average,3.4
China Town,200,"Fast Food,Burger",Agra,Shahganj,Others,Average,3.4
Blue Bird Bakers,250,Bakery,Agra,Kamla Nagar,Bakery,Average,3.4
Radhey govind bakery,250,"Bakery,Fast Food",Agra,Shahganj,Bakery,Average,3.4
Hotel Atithi,600,"North Indian,Chinese,Continental",Agra,Tajganj,Casual Dining,Good,3.5
All About chocolat,500,Desserts,Agra,Khandari,Others,Average,3.4
Sri Sainath Food Service,250,North Indian,Agra,Khandari,Quick Bites,Average,3.4
Radhika Sweet Corner,300,Mithai,Agra,Sikandra,Sweet Shop,Good,3.5
Swaggy Cafe,100,North Indian,Agra,Tajganj,Quick Bites,Average,3.4
Prem Confectionery,100,Fast Food,Agra,Shahganj,Confectionery,Average,3.4
Rahul Bakers,200,"Fast Food,Bakery",Agra,Shahganj,Bakery,Average,3.4
Youngistan Cafe,400,Cafe,Agra,Civil Lines,Cafe,Good,3.8
Agra Coffee House,150,"Coffee,Fast Food",Agra,Civil Lines,Quick Bites,Average,3.4
Shree Jee Sweets And Dairy,200,Mithai,Agra,Shahganj,Dessert Parlor,Good,3.6
Abhishek Restaurant,200,North Indian,Agra,Tajganj,Quick Bites,Average,3.4
Bullet Adda,500,"Cafe,Continental,Italian",Agra,Sikandra,Cafe,Very Good,4.1
Aromatic Nosh,700,Fast Food,Agra,Kamla Nagar,Quick Bites,Very Good,4.1
MKOP,200,"Bakery,Fast Food",Agra,Civil Lines,Dessert Parlor,Very Good,4.4
Pari Family Restaurant,400,"North Indian,Fast Food,South Indian",Agra,Sikandra,Quick Bites,Good,3.8
Social Attitude,600,"Cafe,Chinese,Finger Food,North Indian",Agra,Shahganj,Cafe,Good,3.8
Bercos,1000,"Chinese,Thai",Agra,Civil Lines,Casual Dining,Very Good,4.1
Ram Babu Parathe Wale,700,Fast Food,Agra,Sikandra,Quick Bites,Average,3.1
Anant Restaurant,350,South Indian,Agra,Kamla Nagar,Casual Dining,Very Good,4.1
The Momo Corner,200,"Chinese,Momos,Wraps,Burger",Agra,Kamla Nagar,Quick Bites,Very Good,4.2
Grey House Cafe,1500,Cafe,Agra,Tajganj,Cafe,Very Good,4.1
Dasaprakash Restaurant,550,"South Indian,Desserts",Agra,Rakabganj,Casual Dining,Very Good,4.1
KFC,500,"Burger,Fast Food",Agra,Tajganj,Quick Bites,Very Good,4.0
Capri Restaurant,850,"North Indian,Mughlai",Agra,Civil Lines,Casual Dining,Good,3.5
Campus Bakers,300,"Fast Food,Bakery",Agra,Sikandra,Quick Bites,Very Good,4.1
The Rollings,700,"North Indian,Chinese,Continental",Agra,Khandari,Lounge,Good,3.9
Agarwal Sweet House,250,"Mithai,Fast Food",Agra,Kamla Nagar,Sweet Shop,Good,3.5
Jag Prem Restaurant,400,North Indian,Agra,Tajganj,Casual Dining,Good,3.5
Mama Mutton Chicken Bhandhar,200,"Hyderabadi,Lucknowi,North Indian,Roast Chicken",Agra,Sikandra,Bhojanalya,Average,3.3
Mor Mukut Misthan Bhandar,150,Mithai,Agra,Civil Lines,Sweet Shop,Good,3.5
Raj Milk Product And Sweets,350,"Bakery,Chinese",Agra,Tajganj,Bakery,Average,3.4
RS Eating Hub,200,"Bakery,Fast Food",Agra,Mantola,Bakery,Average,3.4
Dayaram Sweets & Namkeen,100,"Mithai,Street Food",Agra,Mantola,Others,Average,3.4
Al - Kareem restaurant,200,Afghan,Agra,Shahganj,Casual Dining,Good,3.5
Friend's Adda,150,"North Indian,South Indian,Chinese",Agra,Dayal Bagh,Quick Bites,Average,3.4
Goswami Restaurant,200,North Indian,Agra,Sikandra,Quick Bites,Average,3.4
Ghatu Shyam Ji Sweets,100,Mithai,Agra,Civil Lines,Sweet Shop,Good,3.5
Mom's Food,200,North Indian,Agra,Kamla Nagar,Others,Average,3.4
House Of Cuisine,400,Fast Food,Agra,Civil Lines,Quick Bites,Average,3.4
Ganpati Bakers,150,"Mithai,Fast Food",Agra,Shahganj,Quick Bites,Average,3.4
Punjabi Paratha,100,North Indian,Agra,Tajganj,Casual Dining,Good,3.5
Pikipuu Agra,350,"Desserts,Bakery",Agra,Tajganj,Dessert Parlor,Good,3.6
quality paratha,330,North Eastern,Agra,Agra Cantt,Others,Average,3.4
Pandit-Nirmit,301,"North Indian,South Indian,Chinese",Agra,Sikandra,Quick Bites,Average,3.4
Bread Roll HQ,250,Fast Food,Agra,Mantola,Quick Bites,Average,3.4
Sardari Chicken,300,"North Indian,Chinese",Agra,Sikandra,Others,Average,3.4
Gopaldas Pethe Wale,290,Desserts,Agra,Mantola,Sweet Shop,Good,3.5
Giani Ice Cream,200,Ice Cream,Agra,Agra Cantt,Dessert Parlor,Very Good,4.1
Ultimate Pizza,400,Fast Food,Agra,Arjun Nagar,Quick Bites,Good,3.7
Marleys  The Milkshake,350,Beverages,Agra,Tajganj,Beverage Shop,Good,3.7
Culinary Junction By Udupi,800,"North Indian,South Indian,European,Chinese,Italian",Agra,Tajganj,Casual Dining,Very Good,4.3
Punjabi Swag,350,North Indian,Agra,Dayal Bagh,Quick Bites,Good,3.8
Hari Chatni Restaurant,650,"North Indian,Chinese",Agra,Civil Lines,Casual Dining,Good,3.7
Pandit Bhojhnalaya,200,North Indian,Agra,Sikandra,Bhojanalya,Good,3.5
Bhole Kona Grill,450,"North Indian,Fast Food",Agra,Shahganj,Quick Bites,Good,3.5
Indian Chicken Express,700,"Mughlai,North Indian",Agra,Shahganj,Quick Bites,Good,3.8
Lovely Restaurant,400,North Indian,Agra,Tajganj,Quick Bites,Good,3.5
The Greens Restaurant & Herbal Cafe,500,"North Indian,South Indian,Chinese,Continental",Agra,Rakabganj,Casual Dining,Good,3.9
Club Rush,1100,"North Indian,Chinese,Continental",Agra,Tajganj,Lounge,Good,3.8
Blue Coriander,800,"North Indian,Continental,Cafe",Agra,Civil Lines,Casual Dining,Good,3.9
Mama's Vegetarian Food Corner,200,"Fast Food,South Indian",Agra,Agra Cantt,Quick Bites,Good,3.6
Shere Punjab Restaurant,500,"North Indian,South Indian,Continental",Agra,Kamla Nagar,Casual Dining,Good,3.8
Sri Dauji's Chatpataa,500,"North Indian,South Indian",Agra,Kamla Nagar,Casual Dining,Good,3.8
Ashoka Bar,1000,North Indian,Agra,Civil Lines,Bar,Good,3.7
Spice Kitchen - The Sizzling Multi-Cuisine Restaurant,600,"North Indian,South Indian,Chinese",Agra,Rakabganj,Casual Dining,Good,3.5
Shri Thakur Ji Bhojanalaya,150,North Indian,Agra,Civil Lines,Casual Dining,Good,3.9
Mercury Cafe,250,Beverages,Agra,Tajganj,Quick Bites,Good,3.6
Chhabra's Chicken Corner,300,"North Indian,Biryani,Chinese,Rolls",Agra,Shahganj,Quick Bites,Good,3.7
Satkar Pastries,500,"Fast Food,Desserts",Agra,Kamla Nagar,Quick Bites,Good,3.7
Labbaik Chicken Corner,600,Biryani,Agra,Mantola,Casual Dining,Good,3.7
Roadies,550,Mughlai,Agra,Sikandra,Quick Bites,Good,3.5
The London Bakery,500,Bakery,Agra,Kamla Nagar,Bakery,Good,3.9
Cafe Godfather,500,"North Indian,Chinese,Italian,Continental",Agra,Tajganj,Cafe,Good,3.7
Indian By Nature,1200,North Indian,Agra,Civil Lines,Casual Dining,Average,2.5
Pankhuri Restaurant,1000,"North Indian,Chinese,Continental,South Indian",Agra,Rakabganj,Casual Dining,Good,3.9
Karims,1200,"Mughlai,Kebab",Agra,Tajganj,Quick Bites,Good,3.8
Vaishno Bakery,300,"Fast Food,Bakery",Agra,Lohamandi,Quick Bites,Good,3.5
Gobhi.com,250,"North Indian,Chinese",Agra,Arjun Nagar,Quick Bites,Good,3.8
Aleem,500,"Biryani,Mughlai,Kebab",Agra,Tajganj,Quick Bites,Good,3.8
WOS Cafe - World of Spices,800,"North Indian,Chinese",Agra,Tajganj,Casual Dining,Good,3.9
Hungrill Cafe & Restaurant,200,Fast Food,Agra,Sikandra,Quick Bites,Good,3.6
Shri Dharamraj Yadav Dhaba,200,North Indian,Agra,Civil Lines,Dhaba,Good,3.6
Hotel Solitaire,600,"North Indian,South Indian,Chinese",Agra,Civil Lines,Casual Dining,Good,3.7
Om Restaurant,400,"North Indian,South Indian",Agra,Agra Cantt,Quick Bites,Good,3.6
Spicy Spoon,550,"South Indian,Chinese,North Indian",Agra,Kamla Nagar,Casual Dining,Good,3.6
Pushpak Misthan Bhandar and Sweet,200,"Mithai,Fast Food",Agra,Mantola,Sweet Shop,Good,3.8
Hotel Amar - Noorjahan Restaurant,900,"North Indian,Chinese,Continental,South Indian",Agra,Hotel Amar-- Tajganj,Casual Dining,Good,3.7
Gupta Ji Dhaba & Veg Briyani,150,North Indian,Agra,Sikandra,Dhaba,Good,3.7
Green Veg Thali,300,North Indian,Agra,Tajganj,Quick Bites,Average,2.9
Dilli Darbar,300,North Indian,Agra,Civil Lines,Quick Bites,Good,3.6
Mama Franky House,200,Fast Food,Agra,Shahganj,Kiosk,Average,3.4
Agra Zayka Family Restaurant,400,"North Indian,Chinese,Continental",Agra,Kamla Nagar,Casual Dining,Average,3.2
Kings,600,"Bakery,Continental",Agra,Kamla Nagar,Quick Bites,Good,3.6
Sanjay Bakers & Confectioner,300,"Bakery,Desserts",Agra,Kamla Nagar,Bakery,Good,3.6
Pandit Bhojnalaya,200,North Indian,Agra,Sikandra,Bhojanalya,Average,3.1
Dreams Bakers Paradise,200,Bakery,Agra,Civil Lines,Bakery,Good,3.6
Glassy,1500,"Cafe,Chinese,Continental,Indian",Agra,Tajganj,Cafe,Good,3.7
Baba Chicken Mutton,300,"Mughlai,Afghan",Agra,Sikandra,Quick Bites,Average,3.3
Hunger Point Cafe and Bakers,400,"Cafe,Chinese,Continental",Agra,Tajganj,Quick Bites,Average,2.8
Masterchef,400,"Italian,North Indian",Agra,Sikandra,Quick Bites,Good,3.5
Hunger Bites,200,"South Indian,Momos,Chinese",Agra,Khandari,Quick Bites,Average,3.4
Cafe De Fusion,250,Cafe,Agra,Agra Cantt,Cafe,Good,3.9
Balaji Dosa Factory,250,"South Indian,Street Food",Agra,Khandari,Food Truck,Average,3.3
Sizzling Lounge,300,Fast Food,Agra,Khandari,Quick Bites,Average,3.0
Selfie Restaurant,400,North Indian,Agra,Lohamandi,Quick Bites,Good,3.5
Bhagat Food Court,500,"Chinese,Street Food",Agra,Civil Lines,Quick Bites,Good,3.5
Ohh..foodies,300,"American,Beverages,Biryani,Continental,Indian,North Indian,Pizza",Agra,Mantola,Quick Bites,Good,3.5
European Bakery,300,"Bakery,Desserts,Fast Food",Agra,Civil Lines,Bakery,Good,3.5
Cafe Chilam,750,"Cafe,Fast Food,Chinese",Agra,Tajganj,Cafe,Good,3.5
Chatpati Rasoi,350,North Indian,Agra,Tajganj,Dhaba,Good,3.5
Ravi Patties & Mocktail Point,100,Street Food,Agra,Shahganj,Quick Bites,Good,3.8
Mama Momos,400,"Fast Food,Momos",Agra,Agra Cantt,Quick Bites,Good,3.5
Munchies,500,"Chinese,Fast Food",Agra,Agra Cantt,Quick Bites,Good,3.6
Rasam,500,North Indian,Agra,Tajganj,Casual Dining,Good,3.6
DR Food Plaza,200,North Indian,Agra,Kamla Nagar,Quick Bites,Good,3.7
Kings Spoon,500,"North Indian,Chinese,Continental",Agra,Sikandra,Casual Dining,Average,3.4
Shyam Ji Restaurant,300,North Indian,Agra,Agra Cantt,Quick Bites,Good,3.8
Bhagwati Dhaba & Thali,200,North Indian,Agra,Kamla Nagar,Quick Bites,Average,3.3
V & S Maggie Point,150,"Fast Food,Italian",Agra,Shahganj,Quick Bites,Good,3.7
C-9 Restaurant,700,"Chinese,Continental,Desserts,North Indian,Pizza,Rolls,Sandwich,South Indian",Agra,Civil Lines,Quick Bites,Good,3.5
Tunda Kababi,500,"North Indian,Mughlai",Agra,Civil Lines,Casual Dining,Average,3.0
Flavours Restaurant,850,"North Indian,Chinese,Fast Food,South Indian",Agra,Civil Lines,Casual Dining,Good,3.9
Sri Dauji Restaurant,100,Desserts,Agra,Kamla Nagar,Dessert Parlor,Average,3.3
Labbaik Chicken Corner,600,"Mughlai,North Indian",Agra,Civil Lines,Quick Bites,Good,3.5
Saket Restaurant,750,"North Indian,Chinese,South Indian",Agra,Khandari,Casual Dining,Average,3.1
Level 4,700,Continental,Agra,Tajganj,Quick Bites,Average,3.4
Chef On Wheels,200,"Chinese,Continental,North Indian",Agra,Tajganj,Quick Bites,Average,3.3
Prem Bhalla Restaurant,650,"North Indian,Chinese,Fast Food",Agra,Arjun Nagar,Casual Dining,Good,3.6
Nandani Red Crystal Restaurant,250,"South Indian,Pizza,Chinese,Desserts",Agra,Sikandra,Quick Bites,Average,3.3
The Master Chef Restaurant,400,"Fast Food,Italian,Chinese",Agra,Agra Cantt,Quick Bites,Average,3.4
Bhagwan Corner Cakes And Pastries,200,Bakery,Agra,Mantola,Bakery,Average,3.3
The Tounge,400,"North Indian,South Indian,Chinese",Agra,Kamla Nagar,Casual Dining,Good,3.6
Panchratan Restaurant,900,"North Indian,South Indian",Agra,Civil Lines,Casual Dining,Good,3.6
Shri Ambika Restaurant,850,"North Indian,South Indian,Chinese",Agra,Kamla Nagar,Casual Dining,Good,3.6
Punjabi Hut,400,"Indian,North Indian",Agra,Shahganj,Quick Bites,Average,2.8
Sauma,1400,"Chinese,North Indian",Agra,Tajganj,Casual Dining,Good,3.8
Dhaba Dictionary,200,North Indian,Agra,Tajganj,Quick Bites,Average,3.1
Twisters,500,"Chinese,Fast Food,Mughlai,North Indian,Rolls",Agra,Civil Lines,Quick Bites,Good,3.7
Faluda Corner,200,Ice Cream,Agra,Agra Cantt,Dessert Parlor,Average,3.3
Zam Zam Chicken Corner,300,Fast Food,Agra,Sikandra,Quick Bites,Average,3.4
Punjabi Grill,700,"Mughlai,North Indian",Agra,Tajganj,Quick Bites,Good,3.6
Goldy Cool Cafe & Bakers,300,"Bakery,Fast Food",Agra,Kamla Nagar,Quick Bites,Average,3.4
Ambience Restaurant,800,"North Indian,Continental",Agra,Kamla Nagar,Casual Dining,Average,3.4
Foyer Restaurant and Cafe,800,Cafe,Agra,Tajganj,Quick Bites,Average,2.9
G Chakna- G Hotel,1000,"Chinese,Continental,North Indian",Agra,Kamla Nagar,Casual Dining,Good,3.6
Thakur Ji Thaliwala,200,Indian,Agra,Kamla Nagar,Quick Bites,Average,3.4
Dasaprakash Restaurant,650,South Indian,Agra,Tajganj,Casual Dining,Good,3.8
Jain Bhojnalya,300,North Indian,Agra,Sikandra,Bhojanalya,Good,3.5
Shivam Restaurant,200,"Fast Food,Desserts",Agra,Agra Cantt,Quick Bites,Average,2.8
Food Stock Xchange,500,"North Indian,Chinese,Fast Food",Agra,Tajganj,Quick Bites,Good,3.6
The Culture Of Spices- Kitchen & Lounge,900,"North Indian,Continental",Agra,Sikandra,Casual Dining,Average,3.1
Falahar,150,"Fast Food,Street Food",Agra,Khandari,Others,Average,3.4
Waffled,200,Desserts,Agra,Tajganj,Dessert Parlor,Average,3.4
Login Restaurant & Rooftop Cafe,400,"North Indian,Chinese,Continental",Agra,Tajganj,Casual Dining,Average,3.4
The Silk Route Restaurant,1000,"North Indian,Chinese,Continental",Agra,Tajganj,Casual Dining,Average,3.4
Safarnama Cafe,400,"Cafe,North Indian",Agra,Tajganj,Cafe,Good,3.8
Jawahar Bhojnalay,400,North Indian,Agra,Dayal Bagh,Dhaba,Good,3.6
Abhishek Dhaba,350,North Indian,Agra,Tajganj,Dhaba,Average,3.2
Khanaa Khazanaa,400,"North Indian,Continental,Fast Food",Agra,Dayal Bagh,Quick Bites,Average,3.4
Navratan Fast Food & Restaurant,500,"North Indian,South Indian,Fast Food",Agra,Dayal Bagh,Quick Bites,Good,3.6
Lal Tadka Restaurant,500,North Indian,Agra,Lohamandi,Casual Dining,Average,3.3
The Chef's Club,600,"North Indian,Chinese",Agra,Tajganj,Casual Dining,Good,3.5
Anjali Restaurant,500,"North Indian,Chinese,Continental,South Indian",Agra,Shahganj,Quick Bites,Average,3.1
Eating Meeting Restaurant,600,"North Indian,Chinese,Continental",Agra,Tajganj,Casual Dining,Poor,2.3
Merry Go Round,1250,"North Indian,Chinese,Continental",Agra,Hotel Pushp Villa-- Tajganj,Casual Dining,Average,2.7
Shake Adda,250,Beverages,Agra,Kamla Nagar,Quick Bites,Good,3.6
Hotel Bengal Lodge Bar & Restaurant,650,Finger Food,Agra,Rakabganj,Bar,Average,3.3
Lazeez Restaurant,600,North Indian,Agra,Tajganj,Casual Dining,Average,3.2
Mulla Ji Briyani Restaurant,200,Biryani,Agra,Sikandra,Others,Average,3.4
Hotel Poonam Plaza,700,"North Indian,Chinese",Agra,Dayal Bagh,Casual Dining,Good,3.5
Goverdhan Bakery,300,"Bakery,Fast Food",Agra,Shahganj,Bakery,Good,3.7
Vishal Dhaba,150,North Indian,Agra,Tajganj,Dhaba,Average,3.4
Orange Restaurant,1500,"Chinese,Continental,Fast Food,Finger Food,North Indian",Agra,Rakabganj,Casual Dining,Good,3.6
Gyani Dhaba,150,North Indian,Agra,Dayal Bagh,Dhaba,Good,3.6
Panchhi Petha Bhandar,200,Mithai,Agra,Sikandra,Sweet Shop,Good,3.5
Family Zaika,1000,"North Indian,South Indian",Agra,Sikandra,Casual Dining,Average,3.1
What The Food,400,Fast Food,Agra,Civil Lines,Quick Bites,Good,3.8
Atlantic Foods,400,"Bakery,Desserts,Sandwich,Burger,Pizza,Fast Food",Agra,Civil Lines,Dessert Parlor,Very Good,4.0
The Masterchef Restaurant,600,"Cafe,Italian",Agra,Kamla Nagar,Cafe,Good,3.9
Udupi Brindavan,600,"South Indian,North Indian,Chinese",Agra,Khandari,Casual Dining,Very Good,4.1
Agra Chat House,150,Street Food,Agra,Agra Cantt,Quick Bites,Very Good,4.2
Dosa Plaza,300,"South Indian,North Indian,Chinese",Agra,Khandari,Quick Bites,Good,3.7
The Chocolate Room,400,"Desserts,Mexican,Italian,Fast Food",Agra,Tajganj,Dessert Parlor,Very Good,4.3
CHHAT - Over The Top,800,"North Indian,Chinese,Lebanese,Continental,Mediterranean,Mexican",Agra,Tajganj,Quick Bites,Very Good,4.0
Jux Pux,300,"Beverages,Juices,Fast Food",Agra,Agra Cantt,Beverage Shop,Very Good,4.1
Achman Cafe,700,"Cafe,Fast Food",Agra,Civil Lines,Cafe,Very Good,4.1
The Greener Side,300,Fast Food,Agra,Civil Lines,Quick Bites,Very Good,4.4
Sardarji Da Dhaba,400,North Indian,Agra,Agra Cantt,Casual Dining,Good,3.8
Chopstix,600,Chinese,Agra,Civil Lines,Quick Bites,Good,3.8
Cafe Kulhad,400,Fast Food,Agra,Civil Lines,Quick Bites,Very Good,4.0
Fruck,400,Street Food,Agra,Khandari,Food Truck,Very Good,4.0
Bhai bhai,200,"Chinese,North Indian",Agra,Civil Lines,Quick Bites,Average,3.3
Janta Khana Khazana,300,"Fast Food,Bakery",Agra,Shahganj,Quick Bites,Good,3.5
Crush Cafe,400,"Chinese,Desserts,Fast Food,Sandwich",Agra,Agra Cantt,Cafe,Average,2.6
Tandoori Hut,400,North Indian,Agra,Tajganj,Quick Bites,Average,3.2
The Taste of Taj City,500,"North Indian,Chinese",Agra,Sikandra,Casual Dining,Average,2.9
Foodnary,300,"North Indian,South Indian,Chinese",Agra,Shahganj,Quick Bites,Average,3.3
Om Sai Food Court,200,Fast Food,Agra,Dayal Bagh,Quick Bites,Good,3.5
Spice Treat Dhaba,350,"North Indian,Chinese",Agra,Tajganj,Quick Bites,Poor,2.4
Ohh.. Biryani,400,Biryani,Agra,Tajganj,Quick Bites,Average,3.3
Shree Ganesh South Indian Restaurant,200,South Indian,Agra,Sikandra,Quick Bites,Good,3.6
Dosa Kitchen,250,South Indian,Agra,Sikandra,Food Truck,Good,3.5
Chinese Dhaba,150,Chinese,Agra,Sikandra,Food Truck,Average,3.0
Chawla's Chic-Inn,400,"Mughlai,North Indian",Agra,Civil Lines,Quick Bites,Good,3.6
Tandoori Night,200,"North Indian,Fast Food",Agra,Sikandra,Quick Bites,Average,3.3
Punjabi Junction,600,"North Indian,Chinese",Agra,Sikandra,Casual Dining,Average,2.7
Chanchal Hotel,400,North Indian,Agra,Agra Cantt,Dhaba,Average,3.4
Chowpaty By Captain,200,"Fast Food,South Indian,Street Food",Agra,Sikandra,Quick Bites,Average,3.4
Pizza Delight Cafe,500,"Italian,Fast Food",Agra,Sikandra,Quick Bites,Good,3.5
Maan Singh Egg Corner,150,Street Food,Agra,Kamla Nagar,Quick Bites,Average,3.3
Tuk Tuk The Food Express,200,Fast Food,Agra,Agra Cantt,Quick Bites,Average,2.9
Maharaja Restaurant,800,"North Indian,Chinese,Continental",Agra,Tajganj,Casual Dining,Average,2.8
Maa Gayatri Bhojnalya,200,North Indian,Agra,Kamla Nagar,Quick Bites,Average,3.3
Pandit Ji Bhojhnalaya,150,North Indian,Agra,Sikandra,Bhojanalya,Good,3.6
Skyline Lounge & Rooftop,500,North Indian,Agra,Kamla Nagar,Casual Dining,Average,3.3
Agra Darbar,750,North Indian,Agra,Rakabganj,Casual Dining,Poor,2.4
Awadhi Foods,400,North Indian,Agra,Civil Lines,Quick Bites,Good,3.6
New Chinese King,300,"Chinese,Momos",Agra,Sikandra,Quick Bites,Average,2.8
Fry Cafe,250,"Cafe,Fast Food,Beverages",Agra,Kamla Nagar,Quick Bites,Average,2.8
Haveli Restaurant,1000,"North Indian,Chinese,Continental",Agra,Tajganj,Casual Dining,Poor,2.4
Dasaprakash Xpress,800,"North Indian,Chinese",Agra,Tajganj,Casual Dining,Average,2.8
Babu Non Veg Punjabi Tadka,200,North Indian,Agra,Kamla Nagar,Others,Average,3.3
Celebrations Foods,200,"Fast Food,Bakery",Agra,Sikandra,Quick Bites,Good,3.6
Happy Hours Restaurant,1000,"North Indian,South Indian,Chinese",Agra,Tajganj,Casual Dining,Average,3.3
Tikka Town Restaurant,300,"Chinese,North Indian",Agra,Civil Lines,Quick Bites,Average,3.3
Vrindavan Pan Bhandar,100,Paan,Agra,Kamla Nagar,Paan Shop,Good,3.5
Quality Restaurant,800,"North Indian,Chinese",Agra,Tajganj,Casual Dining,Poor,2.3
Dreams Bakers Paradise,250,"Fast Food,Bakery",Agra,Sikandra,Bakery,Average,2.9
Brijwasi Sweet House,200,Mithai,Agra,Lohamandi,Sweet Shop,Average,3.3
Panchhi Petha Dalmoth,200,Mithai,Agra,Khandari,Sweet Shop,Average,3.3
The Mughal Darbar,800,"North Indian,Chinese,Mughlai,Continental",Agra,Tajganj,Casual Dining,Average,3.3
Gobhi.Com Tiffin Centre,200,North Indian,Agra,Arjun Nagar,Quick Bites,Average,3.4
Vaishno Balaji Dhaba,200,North Indian,Agra,Agra Cantt,Dhaba,Average,2.8
Bindhadi Ki Rasoi,500,"Rajasthani,North Indian",Agra,Kamla Nagar,Quick Bites,Average,3.2
South Indian Corner,200,South Indian,Agra,Lohamandi,Quick Bites,Average,3.0
Seven Hills Rooftop Restaurant,1500,"North Indian,Chinese,Continental",Agra,Tajganj,Casual Dining,Average,3.4
Gramma Food Zone,200,South Indian,Agra,Arjun Nagar,Quick Bites,Average,3.3
Bhawna Palace Hotel,600,"North Indian,Chinese,South Indian",Agra,Khandari,Casual Dining,Average,3.4
Krishna Sweet House,200,"Mithai,Fast Food",Agra,Khandari,Sweet Shop,Average,3.3
Manoj Bhojnalay,250,North Indian,Agra,Agra Cantt,Dhaba,Average,3.0
Agra Petha And Dalmoth,200,Mithai,Agra,Tajganj,Sweet Shop,Good,3.5
Paris Bakery,350,"Bakery,Desserts",Agra,Sikandra,Bakery,Average,3.1
Bushra KFB,200,North Indian,Agra,Khandari,Quick Bites,Average,3.1
Raj Darbar Restaurant,750,North Indian,Agra,Rakabganj,Casual Dining,Average,2.6
Sandeep Egg Centre,150,Street Food,Agra,Sikandra,Quick Bites,Good,3.5
Spicy Tongue,700,"North Indian,Chinese",Agra,Sikandra,Casual Dining,Average,3.0
Salt - Pepper Restaurant,1100,"North Indian,Chinese,Continental",Agra,Hotel Royale Residency-- Tajganj,Casual Dining,Average,3.4
Patyali Tadka,500,"North Indian,Rolls",Agra,Kamla Nagar,Quick Bites,Average,3.0
Brother Cafe,300,Chinese,Agra,Sikandra,Quick Bites,Average,3.4
Beloved Bakers,300,Bakery,Agra,Khandari,Bakery,Average,3.3
Zam Zam Chicken Corner,150,North Indian,Agra,Tajganj,Quick Bites,Average,3.1
Jordan Restaurant,400,North Indian,Agra,Tajganj,Casual Dining,Average,3.2
Kumaun Dhaba,400,North Indian,Agra,Tajganj,Dhaba,Good,3.5
Meals On Wheels,200,"Fast Food,North Indian,Chinese",Agra,Tajganj,Quick Bites,Average,3.1
Chinese Food Plaza,100,"Chinese,Fast Food",Agra,Shahganj,Quick Bites,Average,3.4
U & Me Cafe Family Restaurant,400,"North Indian,Chinese,Continental",Agra,Tajganj,Casual Dining,Average,2.9
New Pushpak Misthan Bhandar,400,Mithai,Agra,Rakabganj,Sweet Shop,Average,3.4
Shanti Sweets,600,Mithai,Agra,Kamla Nagar,Sweet Shop,Average,3.2
Gup-Shup Food Point,200,"Fast Food,Chinese",Agra,Shahganj,Quick Bites,Average,3.1
Delicious Food Plaza,200,"Fast Food,Bakery",Agra,Shahganj,Confectionery,Average,3.1
Agarwal Food Corner,400,North Eastern,Agra,Tajganj,Quick Bites,Average,3.2
Qaisar Bagh Restaurant,800,"North Indian,Mughlai,Chinese,Continental",Agra,Tajganj,Casual Dining,Average,2.8
Kulfi Heeralal -Tundla Wale,100,Desserts,Agra,Kamla Nagar,Dessert Parlor,Good,3.6
Same Place Food Court & Hukka Corner,750,"North Indian,Chinese,South Indian",Agra,Dayal Bagh,Casual Dining,Average,3.3
Kashish Restaurant,750,"North Indian,Mughlai",Agra,Tajganj,Quick Bites,Average,3.3
Agra Mutton Chicken House,650,North Indian,Agra,Civil Lines,Casual Dining,Average,2.6
Tiwari Bombay Style Bhel and Panipuri,100,Street Food,Agra,Agra Cantt,Quick Bites,Average,3.4
King of Spice,700,"North Indian,Chinese",Agra,Tajganj,Casual Dining,Average,2.8
Chatori Gali,300,"Chinese,North Indian,South Indian",Agra,Kamla Nagar,Quick Bites,Average,2.7
Shree Ganesh Chowemin and Fast Food,200,Fast Food,Agra,Sikandra,Quick Bites,Average,3.0
Thali Master,400,North Indian,Agra,Agra Cantt,Quick Bites,Average,2.9
Sikander Restaurant,300,North Indian,Agra,Sikandra,Quick Bites,Average,3.2
Jalsa Restaurant,400,"North Indian,Italian",Agra,Sikandra,Casual Dining,Good,3.5
Kohinoor Bar & Restaurant,800,"North Indian,Continental,Chinese",Agra,Civil Lines,Casual Dining,Average,2.9
Deep Corner,300,Bakery,Agra,Shahganj,Bakery,Average,3.3
Baskin Robin,500,"Desserts,Ice Cream",Agra,Civil Lines,Quick Bites,Good,3.5
Good Friend Cafe,400,Fast Food,Agra,Tajganj,Quick Bites,Average,2.9
Taj Juice And Ice- Cream Parlour,200,"Juices,Ice Cream",Agra,Shahganj,Beverage Shop,Average,3.1
Spice Darbar Family Restaurant,500,"North Indian,Chinese,Fast Food",Agra,Tajganj,Quick Bites,Average,3.3
Thikana,800,"Cafe,Italian,Mexican,Continental,North Indian",Agra,Kuberpur,Casual Dining,Average,3.0
Ravi Dosa Corner,150,South Indian,Agra,Arjun Nagar,Quick Bites,Average,3.3
Shri Krishna Vaishno Bhojanalaya,350,North Indian,Agra,Civil Lines,Casual Dining,Average,3.4
The Zest Restaurant,500,North Indian,Agra,Tajganj,Casual Dining,Good,3.5
Kela Devi Patties,250,"Fast Food,Desserts",Agra,Kamla Nagar,Quick Bites,Average,3.2
Zero Degree - Pio,150,"Beverages,Desserts",Agra,Tajganj,Beverage Shop,Good,3.5
Mama's Egg Corner,200,Lebanese,Agra,Agra Cantt,Quick Bites,Average,3.1
Teekha Meetha Cafe,200,Fast Food,Agra,Sikandra,Quick Bites,Average,3.4
B.G foods,300,"Rolls,Sandwich,Burger,Pizza,Bakery",Agra,Mantola,Quick Bites,Average,3.2
Shanti Food Court,400,"North Indian,South Indian,Continental,Fast Food",Agra,Sikandra,Quick Bites,Average,2.8
Shri Giriraj Bhojanalaya,400,"North Indian,Fast Food",Agra,Tajganj,Bhojanalya,Average,3.2
Sagar Chowmein,100,Chinese,Agra,Kamla Nagar,Others,Average,3.3
Kadeer Restaurant,200,Biryani,Agra,Sikandra,Quick Bites,Average,3.4
Jain Confectionery,200,"Cafe,Fast Food",Agra,Sikandra,Quick Bites,Average,3.4
Shanti Sweets,400,Mithai,Agra,Sikandra,Sweet Shop,Average,3.0
Agarwal Dairy And Sweet,200,Mithai,Agra,Shahganj,Sweet Shop,Good,3.5
Shree Chhappan Bhog,200,"Mithai,Fast Food",Agra,Civil Lines,Sweet Shop,Good,3.5
Punjabi Grill,500,"North Indian,Fast Food",Agra,Sikandra,Kiosk,Average,3.4
Tiwari Bombay Food Court,100,Street Food,Agra,Sikandra,Quick Bites,Average,3.2
Brother Fast Food Corner,200,Fast Food,Agra,Sikandra,Quick Bites,Average,3.4
Chef On Call,300,Fast Food,Agra,Tajganj,Quick Bites,Average,3.0
Avalon Taj,450,"North Indian,Chinese",Agra,Agra Cantt,Casual Dining,Average,2.9
Darbar,600,"North Indian,Chinese",Agra,Tajganj,Casual Dining,Average,3.2
Apollo Restaurant,300,"North Indian,South Indian,Chinese",Agra,Tajganj,Casual Dining,Average,2.7
Agra Food Court,200,North Indian,Agra,Arjun Nagar,Quick Bites,Average,2.8
Bambino cafe,250,"North Indian,Beverages,Italian",Agra,Tajganj,Quick Bites,Average,2.8
Brijwasi Petha,200,Mithai,Agra,Rakabganj,Sweet Shop,Good,3.5
Fireside,300,"North Indian,Chinese,Italian",Agra,Agra Cantt,Quick Bites,Average,3.3
Gazal Bar,1000,North Indian,Agra,Shahganj,Bar,Average,3.2
Banarsi Pan,500,"Paan,Desserts",Agra,Civil Lines,Paan Shop,Good,3.5
Roots Cafe,200,"North Indian,Fast Food",Agra,Khandari,Others,Average,3.0
Sethi Ji Hotel,250,North Indian,Agra,Agra Cantt,Dhaba,Average,2.8
Chilly Chatkara,850,"North Indian,Chinese,Continental",Agra,Tajganj,Casual Dining,Average,3.3
Brij Bakers,150,"Bakery,Desserts",Agra,Kamla Nagar,Bakery,Average,2.9
Pehalwan Biryani Food Truck,350,Biryani,Agra,Tajganj,Food Truck,Average,3.3
Masala Indian Fast Food,200,"North Indian,Fast Food",Agra,Civil Lines,Quick Bites,Average,3.4
Moti Palace Restaurant and Bar,1000,"North Indian,Chinese",Agra,Rakabganj,Casual Dining,Average,3.0
Hunger Grill,700,"North Indian,Chinese,Fast Food",Agra,Sikandra,Casual Dining,Average,3.4
FCB Fast Food Corner,300,Fast Food,Agra,Kamla Nagar,Quick Bites,Average,3.2
Shri Bikaner Sweets,200,"Fast Food,Mithai",Agra,Khandari,Quick Bites,Average,3.2
Punjabi Chula,250,North Indian,Agra,Kamla Nagar,Quick Bites,Average,3.4
Dana Pani restaurant,350,"North Indian,Fast Food",Agra,Kamla Nagar,Quick Bites,Average,3.0
Apna Dhabha,150,North Indian,Agra,Sikandra,Dhaba,Average,2.9
Shri Mohan Hotel,200,"North Indian,Indian,Desserts",Agra,Rakabganj,Quick Bites,Average,3.4
Kela Ji Bhel Puri And Shev Puri Corner,150,Fast Food,Agra,Agra Cantt,Quick Bites,Average,3.4
Relish Restaurant,1000,"Chinese,Continental,North Indian",Agra,Tajganj,Casual Dining,Average,3.1
Mast Banarsi Paan,60,Paan,Agra,Kamla Nagar,Paan Shop,Good,3.5
Garam masala,400,North Indian,Agra,Dayal Bagh,Quick Bites,Average,3.4
Maa Vaishno Dhaba,150,North Indian,Agra,Tajganj,Dhaba,Average,3.4
Nawabi Non Veg,200,North Indian,Agra,Tajganj,Quick Bites,Average,3.4
Om Sai Ram Bhojhnalaya,250,North Indian,Agra,Sikandra,Bhojanalya,Average,3.3
Dosa Hub,350,South Indian,Agra,Lohamandi,Quick Bites,Average,3.4
Pandit Ji Dhaba,150,North Indian,Agra,Sikandra,Quick Bites,Average,3.4
Ghar Ki Rasoi,200,North Indian,Agra,Tajganj,Quick Bites,Average,3.4
Dauji Chaat Bhandar,150,Street Food,Agra,Sikandra,Quick Bites,Average,3.2
The Signature,400,North Indian,Agra,Tajganj,Casual Dining,Good,3.5
Pizza Hub,400,"Pizza,Fast Food",Agra,Shahganj,Quick Bites,Average,3.4
Milan Restaurant,700,"North Indian,Finger Food",Agra,Sikandra,Casual Dining,Average,3.0
Punjabi Food Corner,200,"Fast Food,North Indian",Agra,Kamla Nagar,Quick Bites,Average,3.4
Jhalak Restaurant,500,"Mughlai,Indian",Agra,Civil Lines,Casual Dining,Good,3.5
Fresh Snacks Cafe,100,Street Food,Agra,Agra Cantt,Quick Bites,Average,3.4
Elleven To 11,300,"North Indian,Chinese",Agra,Kamla Nagar,Quick Bites,Average,3.2
Ratan Pizza,500,"Pizza,Fast Food,Bakery",Agra,Civil Lines,Quick Bites,Good,3.8
Captain's Cafe,500,"Cafe,North Indian,Mughlai,Italian,Chinese",Agra,Sikandra,Cafe,Very Good,4.0
Chokho Jeeman Marwari Jain Bhojanalya,400,Rajasthani,Agra,Civil Lines,Casual Dining,Very Good,4.2
Shri Tirupati No.1 Family Restaurant,300,"North Indian,Fast Food",Agra,Sikandra,Quick Bites,Good,3.8
Chaat Chowpaati,150,Street Food,Agra,Kamla Nagar,Quick Bites,Good,3.8
Sattolala Food Court,200,"North Indian,Desserts",Agra,Shahganj,Quick Bites,Good,3.5
Q'sinn,1000,North Indian,Agra,Civil Lines,Casual Dining,Very Good,4.1
Chimmanlal Puri Wale,150,"North Indian,Street Food,Mithai",Agra,Mantola,Quick Bites,Very Good,4.0
Sizzling Salt,800,North Indian,Agra,Khandari,Casual Dining,Very Good,4.1
Chainess,200,"Tea,Fast Food",Agra,Civil Lines,Quick Bites,Very Good,4.2
The Big Bun,250,"Burger,Sandwich,Fast Food,Pizza,Rolls,Bakery",Agra,Civil Lines,Quick Bites,Very Good,4.4
Family Zaika Restro & Lounge,800,"North Indian,South Indian,Chinese",Agra,Kamla Nagar,Casual Dining,Good,3.7
Sheroes Hangout,200,"Cafe,North Indian,Chinese",Agra,Tajganj,Cafe,Excellent,4.9
The Grand Gopika Thaal By GMB,800,"North Indian,Rajasthani,Gujarati",Agra,Tajganj,Casual Dining,Very Good,4.2
New Moon Light Restaurant,350,North Indian,Agra,Civil Lines,Dhaba,Good,3.7
Gulab Snacks Parlour,200,Fast Food,Agra,Khandari,Quick Bites,Average,3.2
Chunar Chicken,500,Mughlai,Agra,Mantola,Quick Bites,Average,3.2
Chotu Puri Wale,100,"North Indian,Beverages",Agra,Tajganj,Quick Bites,Average,3.4
Four Seasons Fun & Food Village,500,"Chinese,North Indian",Agra,Dayal Bagh,Quick Bites,Average,3.2
Shri Giraj Chaat Bhandaar,100,Street Food,Agra,Agra Cantt,Quick Bites,Average,3.4
Jack N Jill,200,Fast Food,Agra,Arjun Nagar,Quick Bites,Average,3.0
RS Crazy Bites,100,"Sandwich,Burger",Agra,Civil Lines,Quick Bites,Average,3.1
Maa Vaishno Pizza & Burger,150,"Fast Food,Pizza",Agra,Kuberpur,Quick Bites,Average,3.4
Anjana Restaurant,500,"Chinese,Fast Food,North Indian",Agra,Tajganj,Quick Bites,Average,3.1
Hangout- The Lounge Bar,600,Finger Food,Agra,Lohamandi,Bar,Average,3.1
Jawahar Bhojnalya,200,North Indian,Agra,Dayal Bagh,Quick Bites,Average,3.2
Idli.com,150,South Indian,Agra,Agra Cantt,Quick Bites,Average,3.4
Ice Cream Factory,150,"Ice Cream,Beverages",Agra,Civil Lines,Others,Average,3.4
Hashim Restaurant,250,"Biryani,North Indian",Agra,Shahganj,Quick Bites,Average,3.1
Chef Signature - Kabab Factory,250,North Indian,Agra,Tajganj,Others,Average,3.4
The Chamber,1500,"North Indian,Mughlai,Continental,Chinese",Agra,Tajganj,Quick Bites,Average,3.1
Cottage Cafe,100,Fast Food,Agra,Civil Lines,Quick Bites,Average,3.1
Hotel Ganpati,250,"North Indian,Chinese",Agra,Tajganj,Quick Bites,Average,3.0
Tikka Factory,400,"Kebab,North Indian,Rolls,Chinese,Fast Food",Agra,Sikandra,Casual Dining,Good,3.5
Ganpati Hotel and Restaurant,350,North Indian,Agra,Sikandra,Quick Bites,Average,3.0
Desi Tadka Restaurant,800,"North Indian,Italian",Agra,Lohamandi,Casual Dining,Average,3.2
SR CHICKEN CORNER & RESTAURANT,569,"Biryani,Charcoal Chicken,Hyderabadi",Agra,Tajganj,Others,Average,3.4
Chick Chick Corner,500,Mughlai,Agra,Kamla Nagar,Quick Bites,Average,2.8
Jain Sweet And Milk Corner,150,"Mithai,Street Food",Agra,Sikandra,Sweet Shop,Good,3.5
Devil Disc & Restaurant,600,North Indian,Agra,Sikandra,Casual Dining,Average,3.1
Ram Cafe & Bakers,100,"Fast Food,Desserts",Agra,Sikandra,Others,Average,3.4
Krishna Dosa Factory,200,South Indian,Agra,Sikandra,Quick Bites,Average,3.4
Haji Ji Restaurant,200,North Indian,Agra,Mantola,Quick Bites,Average,3.4
Shiv Sweet,200,"Mithai,Fast Food",Agra,Sikandra,Sweet Shop,Good,3.5
Vansiwala Family Restaurant,300,"North Indian,South Indian,Chinese",Agra,Shahganj,Quick Bites,Average,3.4
Prince Of Spice,750,"North Indian,Mughlai,Chinese",Agra,Tajganj,Casual Dining,Average,3.1
Al Baik Restaurant,350,North Indian,Agra,Civil Lines,Quick Bites,Average,3.0
Shri Mangalam Dhabha,200,North Indian,Agra,Sikandra,Dhaba,Average,3.4
Chacha Ji Ka Dhaba,600,North Indian,Agra,Civil Lines,Casual Dining,Good,3.5
Aggarwal Fast Food & Restaurant,200,Fast Food,Agra,Mantola,Quick Bites,Average,3.1
Chatkara Restaurant,400,"Chinese,Indian,North Indian",Agra,Tajganj,Quick Bites,Average,3.1
B K Hotel,250,North Indian,Agra,Rakabganj,Quick Bites,Average,3.4
Kulfiano,200,Ice Cream,Agra,Agra Cantt,Dessert Parlor,Average,3.1
Apni Rasoi,250,North Indian,Agra,Tajganj,Quick Bites,Average,3.4
New Vrindavan Pan Bhandar,100,Paan,Agra,Kamla Nagar,Paan Shop,Good,3.5
Tammana bhojnalya,150,Indian,Agra,Kamla Nagar,Bhojanalya,Average,3.3
Saffron Restaurant,800,"Beverages,Chinese,Continental,North Indian,South Indian",Agra,Rakabganj,Casual Dining,Average,3.1
Open Affaire - Siris 18,800,"North Indian,Chinese,Continental",Agra,Tajganj,Casual Dining,Good,3.5
Shree Shayam Ji Bhojnalaya,200,North Indian,Agra,Sikandra,Bhojanalya,Average,3.0
Panchhi Petha Namkeen,200,Mithai,Agra,Tajganj,Sweet Shop,Good,3.5
R.D. Food Centre,200,"North Indian,Chinese",Agra,Dayal Bagh,Others,Average,3.2
Chirag Flavours,300,"North Indian,Chinese",Agra,Tajganj,Quick Bites,Average,3.4
Shri Vrindavan Sweet,400,Mithai,Agra,Dayal Bagh,Quick Bites,Average,3.4
Surbhi Bar & Restaurant,800,"North Indian,Chinese,Fast Food",Agra,Mantola,Casual Dining,Good,3.5
Parantha Factory,150,North Indian,Agra,Agra Cantt,Others,Average,3.4
Uncle Cakes And Bakes,250,"Fast Food,Desserts",Agra,Shahganj,Quick Bites,Average,3.4
"Hotel Nuova, Udarpoorti Pure Veg Family Restaurant",500,"Chinese,Continental,North Indian",Agra,Civil Lines,Casual Dining,Good,3.5
Shri Kanha Foods,300,North Indian,Agra,Agra Cantt,Quick Bites,Average,3.4
A.V Food Court,400,"Mithai,North Indian,South Indian,Fast Food",Agra,Sikandra,Quick Bites,Average,3.0
Go 69 Pizza,250,Pizza,Agra,Kamla Nagar,Quick Bites,Average,3.4
Dawat Restaurant,400,North Indian,Agra,Sikandra,Casual Dining,Good,3.5
Yash Paties And Juice Corner,100,"Street Food,Juices",Agra,Shahganj,Others,Average,3.4
Flower Nest,500,North Indian,Agra,Tajganj,Casual Dining,Good,3.5
Girraj Dhaba,200,North Indian,Agra,Sikandra,Dhaba,Average,3.4
Gyani's Snacks Corner,300,Fast Food,Agra,Kamla Nagar,Quick Bites,Average,3.1
Gyani's Snacks Corner,300,Fast Food,Agra,Kamla Nagar,Quick Bites,Average,3.1
Little India,300,North Indian,Agra,Shahganj,Quick Bites,Average,3.4
The K.S. Royal Restaurant,700,"North Indian,South Indian,Chinese",Agra,Sikandra,Casual Dining,Good,3.5
Family Foods,100,Fast Food,Agra,Shahganj,Quick Bites,Average,3.4
Hare Krishna Sweets And Restaurant,250,"North Indian,Mithai",Agra,Tajganj,Quick Bites,Average,3.4
The Tequila - Mansingh Palace,2000,Finger Food,Agra,Mansingh Palace-- Tajganj,Bar,Average,3.3
Taj Galaxy,500,"North Indian,Chinese,Mughlai",Agra,Tajganj,Casual Dining,Good,3.5
The Pavillion,800,"North Indian,Chinese,Continental",Agra,Hotel Atulyaa Taj-- Tajganj,Casual Dining,Good,3.5
Golden Street Restaurant,800,"North Indian,South Indian",Agra,Tajganj,Casual Dining,Average,3.1
Shiv Bhojhnalaya,200,North Indian,Agra,Sikandra,Quick Bites,Average,3.4
Laziz Restaurant,400,"North Indian,Chinese",Agra,Rakabganj,Quick Bites,Average,3.4
Shri Anand  Sakahari Bhojan,350,North Indian,Agra,Civil Lines,Dhaba,Average,3.1
In Dish,750,"North Indian,Mughlai,Chinese",Agra,Tajganj,Casual Dining,Good,3.5
Spice Garden,800,"North Indian,Chinese,Continental",Agra,Hotel Crystal Inn-- Tajganj,Casual Dining,Good,3.5
Spicy Food Restaurant,200,North Indian,Agra,Sikandra,Quick Bites,Average,3.4
The Food Factory,300,"South Indian,Chinese",Agra,Rakabganj,Quick Bites,Average,3.4
Swad Restaurant,500,North Indian,Agra,Shahganj,Casual Dining,Good,3.5
Sharma & Sharma,600,North Indian,Agra,Tajganj,Casual Dining,Good,3.5
Swagat Restaurant,300,"Fast Food,Beverages",Agra,Tajganj,Quick Bites,Average,3.4
Kaila Ji Coffee House,50,Tea,Agra,Agra Cantt,Beverage Shop,Good,3.6
Swachand,400,Mughlai,Agra,Khandari,Quick Bites,Average,3.4
Baba Mutton & Chicken Food Corner,200,"Fast Food,North Indian",Agra,Tajganj,Others,Average,3.4
Soup Centre,100,"Beverages,Fast Food",Agra,Kamla Nagar,Beverage Shop,Good,3.6
Indraprasth Restaurant,600,"North Indian,Fast Food,American,Continental",Agra,Arjun Nagar,Casual Dining,Good,3.5
Shri Ram Restaurant,250,North Indian,Agra,Rakabganj,Quick Bites,Average,3.4
Ambika Restaurant,300,Chinese,Agra,Tajganj,Quick Bites,Average,3.4
Curry Kitchen,250,North Indian,Agra,Agra Cantt,Quick Bites,Average,3.4
Dauji Chat Bhandhar,150,Street Food,Agra,Sikandra,Quick Bites,Average,3.4
Agra Puri Bhandar,100,"North Indian,Mithai",Agra,Tajganj,Others,Average,3.4
Jalsa Ice Cream And Faluda,100,Beverages,Agra,Sikandra,Food Truck,Average,3.4
Udarpoorti Restaurant,500,"North Indian,Continental,Chinese",Agra,Shahganj,Quick Bites,Average,3.4
R.K. Bhojnalya,500,"North Indian,Arabian,Asian,Assamese",Agra,Agra Cantt,Quick Bites,Average,3.4
Horizon,800,"North Indian,Chinese,Continental",Agra,Hotel Crystal Inn-- Tajganj,Casual Dining,Good,3.5
Kuch Bhi - Siri 18,1100,"North Indian,Chinese,Continental",Agra,Tajganj,Casual Dining,Good,3.5
Punjabi Grillz,200,Fast Food,Agra,Sikandra,Quick Bites,Average,3.4
Punjabi Tadka - Y R Foods,300,"Chinese,North Indian",Agra,Agra Cantt,Quick Bites,Average,3.4
Jalsa - Ice Cream & Faluda Corner,200,"Ice Cream,Beverages,Juices",Agra,Tajganj,Dessert Parlor,Good,3.6
DR Food,200,North Indian,Agra,Rakabganj,Quick Bites,Average,3.4
Astha Family Dhaba,150,Chinese,Agra,Tajganj,Quick Bites,Average,3.4
Dr Food Plaza,200,North Indian,Agra,Shahganj,Quick Bites,Average,3.4
The Swaad Restaurant,300,"North Indian,Mughlai",Agra,Sikandra,Quick Bites,Average,3.4
Chaatwala,150,Street Food,Agra,Agra Cantt,Quick Bites,Average,3.4
Jax Ambya Khaza Pizza Corner,200,North Indian,Agra,Shahganj,Quick Bites,Average,3.4
Curry house Restaurant,300,"North Indian,South Indian,Italian",Agra,Tajganj,Quick Bites,Average,3.4
Sheetal Restaurant,300,"North Indian,Chinese",Agra,Agra Cantt,Quick Bites,Average,3.4
Indian Accent,500,"North Indian,Chinese",Agra,Tajganj,Casual Dining,Good,3.5
Hotel S.R Palace & Restaurant,400,"North Indian,Chinese,Continental",Agra,Sikandra,Casual Dining,Good,3.5
Gopal Dosa Corner,200,South Indian,Agra,Lohamandi,Quick Bites,Average,3.4
Salim Hotel,200,North Indian,Agra,Mantola,Casual Dining,Good,3.5
Porwal Bhojhnalaya,150,North Indian,Agra,Sikandra,Quick Bites,Average,3.4
Captain Burger,300,"Burger,Cafe",Agra,Sikandra,Quick Bites,Average,3.4
Priya Hotel,600,"North Indian,Chinese,Mughlai",Agra,Tajganj,Quick Bites,Average,3.4
Sizzler,1000,"North Indian,Chinese,Continental",Agra,Tajganj,Casual Dining,Good,3.5
Ck Family restaurant,200,North Indian,Agra,Sikandra,Quick Bites,Average,3.4
Punjabi Rasoi,300,North Indian,Agra,Agra Cantt,Others,Average,3.4
Maple Grand,200,North Indian,Agra,Tajganj,Quick Bites,Average,3.4
Zaika Restaurant,400,North Indian,Agra,Agra Cantt,Casual Dining,Good,3.5
Maa Vaishno Fast Food & Restaurant,200,South Indian,Agra,Kuberpur,Quick Bites,Average,3.4
Prem Sagar Restaurant,300,North Indian,Agra,Agra Cantt,Quick Bites,Average,3.4
Khushi Bhojhnalaya,150,North Indian,Agra,Sikandra,Bhojanalya,Average,3.3
Pandit Ji Chat Bhandaar,100,Street Food,Agra,Agra Cantt,Quick Bites,Average,3.4
Nice Taj View Point,450,North Indian,Agra,Tajganj,Casual Dining,Good,3.5
Taste of India,700,"North Indian,Fast Food",Agra,Tajganj,Casual Dining,Good,3.5
Aashadeep Restaurant,300,North Indian,Agra,Dayal Bagh,Quick Bites,Average,3.4
Hotel King Park Avenue,350,North Indian,Agra,Civil Lines,Quick Bites,Average,3.4
Shelter Restaurant,600,"North Indian,Continental,South Indian,Chinese",Agra,Sikandra,Casual Dining,Good,3.5
Hasty Tasty,200,North Indian,Agra,Tajganj,Quick Bites,Average,3.4
: Panchhi petha,250,Desserts,Agra,Agra Cantt,Sweet Shop,Good,3.5
Dipu Dhabha,200,Mithai,Agra,Sikandra,Sweet Shop,Good,3.5
Hotel Eastlite Bar And Restaurant,700,"North Indian,Chinese",Agra,Civil Lines,Casual Dining,Good,3.5
Jain Petha,250,"Fast Food,Bakery",Agra,Kamla Nagar,Bakery,Average,3.4
Yadav Misthan Bhandar,200,"Mithai,Fast Food",Agra,Shahganj,Sweet Shop,Good,3.5
Energy tandoori chai.com,150,Healthy Food,Agra,Sikandra,Quick Bites,Average,3.4
Shake Valley,100,Beverages,Agra,Sikandra,Beverage Shop,Good,3.6
Biryaniwala,200,Biryani,Agra,Shahganj,Others,Average,3.4
Punjabi Dhaba,250,North Indian,Agra,Tajganj,Quick Bites,Average,3.4
Hungry Birds,250,North Indian,Agra,Tajganj,Quick Bites,Average,3.4
Pizzeria,200,Fast Food,Agra,Kamla Nagar,Quick Bites,Average,3.4
Jain Fast Food,200,"South Indian,Fast Food",Agra,Kamla Nagar,Quick Bites,Average,3.4
Fitoor,300,North Indian,Agra,Tajganj,Quick Bites,Average,3.4
Tapasya Restaurant,250,North Indian,Agra,Trans Yamuna,Quick Bites,Average,3.4
The Turban Master Chef Street Food,200,"Fast Food,Street Food",Agra,Agra Cantt,Quick Bites,Average,3.4
Mugal Rasoi,200,Fast Food,Agra,Agra Cantt,Quick Bites,Average,3.4
Mehfil Restaurant,600,"North Indian,Chinese,Continental",Agra,Tajganj,Casual Dining,Good,3.5
THE CLOVE,600,"North Indian,Chinese,Biryani",Agra,Tajganj,Casual Dining,Good,3.5
Periwinkle Multicuisine Restaurant,900,"North Indian,Continental,Chinese",Agra,Tajganj,Casual Dining,Good,3.5
Super Hemant Petha Store Sweets And Namkeen,300,Mithai,Agra,Arjun Nagar,Sweet Shop,Good,3.5
Hotel Taj Prince,500,"North Indian,Chinese",Agra,Tajganj,Casual Dining,Good,3.5
Flower of Heaven,400,"North Indian,South Indian",Agra,Tajganj,Quick Bites,Average,3.4
Peshwa Family Restaurant,600,North Indian,Agra,Tajganj,Casual Dining,Good,3.5
Deviram Food Circle,200,"Mithai,Fast Food,Street Food",Agra,Lohamandi,Sweet Shop,Very Good,4.0
D Jail House- Hungry Slurp,300,"Awadhi,Chinese,Mughlai,North Indian",Agra,Sikandra,Others,Very Good,4.0
Rohit Cakes And Bakes,350,Bakery,Agra,Kamla Nagar,Bakery,Very Good,4.0
The Ccharcoal Chimney,1500,"North Indian,Chinese,Continental,Mughlai",Agra,Tajganj,Casual Dining,Good,3.9
New Punjabi Dhaba,450,North Indian,Agra,Khandari,Dhaba,Average,3.3
Unlimited Pizza,400,"Ice Cream,Desserts,Fast Food",Agra,Civil Lines,Dessert Parlor,Good,3.6
Shan E Hind,450,North Indian,Agra,Agra Cantt,Casual Dining,Good,3.6
Cake House,500,"Bakery,Fast Food",Agra,Civil Lines,Bakery,Good,3.7
Mothers Milkshakes,220,"Italian,Fast Food,Beverages",Agra,Civil Lines,Quick Bites,Good,3.7
Agarwal Restaurant Sweets And Dairy,300,"North Indian,Beverages,South Indian,Fast Food,Pizza",Agra,Shahganj,Quick Bites,Good,3.8
Ek Number cafe,500,North Indian,Agra,Civil Lines,Cafe,Good,3.8
Shree Bankey Bihari Misthan Bhandar,300,"Mithai,Street Food,South Indian,Chinese",Agra,Sikandra,Sweet Shop,Very Good,4.3
Chef at Home Bakery,150,"Bakery,Fast Food",Agra,Civil Lines,Bakery,Average,3.2
Annjal Restaurant,600,"North Indian,Rajasthani",Agra,Civil Lines,Casual Dining,Excellent,4.5
Daddy's Burger Bar (Hungernomia),300,"Beverages,Burger,Fast Food,Pizza,Sandwich,Wraps",Agra,Civil Lines,Quick Bites,Good,3.9
AFC Food,400,"North Indian,South Indian,Chinese",Agra,Civil Lines,Quick Bites,Average,3.4
Vianjan Restaurant,500,North Indian,Agra,Tajganj,Quick Bites,Average,3.4
Heartbeat Lounge,300,North Indian,Agra,Tajganj,Quick Bites,Average,3.4
India spice,500,"North Indian,Chinese,South Indian",Agra,Sikandra,Casual Dining,Good,3.5
Bhaiya Ji Family Dhaba,250,North Indian,Agra,Sikandra,Dhaba,Average,3.4
Zigzag Cafe,400,"North Indian,Chinese",Agra,Tajganj,Quick Bites,Average,3.4
Hotel City Square,1200,"Asian,North Indian,Chinese",Agra,Tajganj,Casual Dining,Good,3.5
Siddharth Fast Food & Drinks,290,"Chinese,Fast Food",Agra,Mantola,Quick Bites,Average,3.4
Guru Kripa Yadav Dhaba,150,North Indian,Agra,Civil Lines,Dhaba,Good,3.9
Bhagwati Dhaba,200,North Indian,Agra,Sikandra,Dhaba,Good,3.9
Bhawna Sweets,300,"Mithai,Desserts",Agra,Civil Lines,Sweet Shop,Good,3.9
Goli Vada Pav No. 1,150,Street Food,Agra,Sikandra,Quick Bites,Very Good,4.1
Chaska Restaurant,800,"North Indian,Chinese,South Indian",Agra,Kamla Nagar,Casual Dining,Average,3.3
Master Chef Italian Fast Food Corner,400,Fast Food,Agra,Khandari,Quick Bites,Average,2.8
Gurgaonwala,300,Fast Food,Agra,Shahganj,Quick Bites,Very Good,4.0
Roofmates,1000,"North Indian,Chinese",Agra,Sikandra,Casual Dining,Good,3.5
Yo Yo Foods,300,"Chinese,South Indian",Agra,Khandari,Quick Bites,Good,3.8
Dosa Factory,500,South Indian,Agra,Sikandra,Quick Bites,Good,3.8
The Indian Chaska,600,North Indian,Agra,Civil Lines,Casual Dining,Good,3.6
Jux Pux,200,Cafe,Agra,Khandari,Cafe,Good,3.9
Tealogy,250,"Sandwich,Beverages,Continental",Agra,Civil Lines,Quick Bites,Very Good,4.3
Filmy Zayka - Hotel Alleviate,700,"Chinese,North Indian",Agra,Civil Lines,Casual Dining,Very Good,4.1
Dasaprakash Restaurant,700,"South Indian,North Indian",Agra,Hotel Dasaprakash-- Tajganj,Casual Dining,Very Good,4.0
Pizza Inn,500,"Fast Food,Pizza",Agra,Sikandra,Quick Bites,Good,3.6
Grill Inn,500,Fast Food,Agra,Dayal Bagh,Casual Dining,Good,3.9
Om Bhojanalaya,500,North Indian,Agra,Agra Cantt,Casual Dining,Good,3.7
Tirupati's Dosa Factory,200,South Indian,Agra,Civil Lines,Quick Bites,Very Good,4.0
DECHEN CAFE LOUNGE,300,"Fast Food,Beverages",Agra,Sikandra,Cafe,Good,3.9
Twist and taste,250,"North Indian,Chinese,South Indian",Agra,Kamla Nagar,Quick Bites,Average,3.4
Rangrezz Restaurant,700,"North Indian,Mughlai",Agra,Agra Cantt,Casual Dining,Average,3.3
Daddy's Burger Bar,300,Fast Food,Agra,Kamla Nagar,Quick Bites,Good,3.8
GreeNox,200,"Fast Food,Bakery",Agra,Shahganj,Quick Bites,Good,3.7
Celebration  Foods,200,"Bakery,Fast Food",Agra,Kamla Nagar,Bakery,Average,3.4
Wai Wai City,400,"Asian,Chinese,Momos",Agra,Civil Lines,Quick Bites,Average,3.4
Master Chef,250,Fast Food,Agra,Shahganj,Quick Bites,Good,3.8
Gopaldas Pethe Wale,400,"Mithai,Street Food",Agra,Civil Lines,Sweet Shop,Very Good,4.4
Gulati Bar-Be-Que,500,North Indian,Agra,Shahganj,Casual Dining,Good,3.7
The Dhaba Cafe,350,"Continental,North Indian,Chinese",Agra,Tajganj,Quick Bites,Very Good,4.0
Love Restaurant,300,"North Indian,Fast Food,Beverages",Agra,Tajganj,Quick Bites,Good,3.7
WatchMeWhip,250,"Bakery,Desserts",Agra,Mantola,Bakery,Good,3.6
UP 80,700,"North Indian,Chinese",Agra,Dayal Bagh,Casual Dining,Good,3.7
Potato Planet,400,Fast Food,Agra,Civil Lines,Quick Bites,Good,3.8
Anand He Anand Bhojanalaya,300,North Indian,Agra,Civil Lines,Casual Dining,Good,3.7
Brijwasi Sweet House & Restaurant,500,"Desserts,North Indian,South Indian,Chinese,Fast Food,Street Food",Agra,Agra Cantt,Casual Dining,Good,3.7
Downtown Cafe & Lounge,800,North Indian,Agra,Rakabganj,Lounge,Very Good,4.0
Sri Dauji Mishthan Bhandar,300,"Desserts,Fast Food,Street Food",Agra,Kamla Nagar,Quick Bites,Good,3.6
New Vishal Restaurant,400,North Indian,Agra,Khandari,Dhaba,Good,3.6
Ravi Patties Corner,100,"Fast Food,Desserts",Agra,Dayal Bagh,Confectionery,Good,3.9
China Town,200,Fast Food,Agra,Shahganj,Quick Bites,Good,3.9
Hungernomia,500,"Pizza,Burger,Fast Food",Agra,Tajganj,Quick Bites,Good,3.9
Healthmafia,100,Healthy Food,Agra,Civil Lines,Quick Bites,Good,3.9
What The Food,500,"Burger,Chinese,Rolls",Agra,Kamla Nagar,Quick Bites,Good,3.5
Cake & More,200,"Desserts,Bakery",Agra,Tajganj,Dessert Parlor,Good,3.8
Gangaur Pizza Point,600,"Fast Food,Pizza",Ajmer,Ana Sagar Lake,Quick Bites,Good,3.9
Mango Masala Restaurant,600,"Continental,Beverages,South Indian,Fast Food,Italian,North Indian,Chinese",Ajmer,Ana Sagar Lake,Casual Dining,Very Good,4.1
Rasoi,800,"North Indian,South Indian,Continental,Italian,Chinese,Beverages",Ajmer,Ana Sagar Lake,Casual Dining,Very Good,4.0
Bansi Wala,150,"Beverages,Fast Food,North Indian,Chinese,Rajasthani",Ajmer,Railway Quarters,Quick Bites,Good,3.8
The Burger Street,650,Fast Food,Ajmer,Ana Sagar Lake,Quick Bites,Good,3.7
Domino's Pizza,400,"Fast Food,Pizza",Ajmer,Ana Sagar Lake,Casual Dining,Good,3.5
7 Spices,500,"North Indian,Roast Chicken,BBQ,Mughlai,Charcoal Chicken,Kebab",Ajmer,Dhola Bhata Colony,Quick Bites,Good,3.7
Mahadev Ka Dhaba,250,"North Indian,Rajasthani",Ajmer,Panchsheel Nagar,Quick Bites,Good,3.8
WTF What's The Food,100,"Fast Food,North Indian",Ajmer,Ana Sagar Lake,Quick Bites,Good,3.5
Foodies,150,Chinese,Ajmer,Adarsh Nagar,Quick Bites,Average,3.4
Roll Street,200,Rolls,Ajmer,Ana Sagar Lake,Quick Bites,Good,3.8
Guddan Ka Dhaba,300,North Indian,Ajmer,Ana Sagar Lake,Quick Bites,Good,3.7
Mango Curry,1000,"South Indian,Fast Food,Italian,North Indian,Chinese,BBQ,Kebab",Ajmer,Ana Sagar Lake,Quick Bites,Good,3.9
Inbox,250,"Thai,Mexican,Italian",Ajmer,Pal Bhichala,Cafe,Average,3.4
Burger King,500,"Burger,Fast Food",Ajmer,City Square Mall-- Panchsheel Nagar,Quick Bites,Good,3.6
Royal Bakers,200,Bakery,Ajmer,Ana Sagar Lake,Bakery,Good,3.7
Masala Basket,250,"Beverages,Desserts,North Indian,Chinese,Rajasthani",Ajmer,Railway Quarters,Quick Bites,Average,3.3
Daurani Jethani Ki Rasoi,250,"Fast Food,Sandwich,Pizza,North Indian,Chinese",Ajmer,Ana Sagar Lake,Quick Bites,Average,3.4
Simple Lounge & Family Restaurant,300,"Fast Food,North Indian",Ajmer,Adarsh Nagar,Quick Bites,Average,3.2
Thakurani Da Dhaba,350,North Indian,Ajmer,Ana Sagar Lake,Quick Bites,Good,3.5
Meet Heights,500,Fast Food,Ajmer,Hathi Khera,Quick Bites,Average,3.3
The Big Bunny,300,North Indian,Ajmer,Adarsh Nagar,Quick Bites,Average,3.2
baawarchi brothers,350,"Rajasthani,Biryani,Sandwich,Fast Food,Beverages,Burger",Ajmer,Ana Sagar Lake,Casual Dining,Good,3.7
Bhola Restaurant,200,North Indian,Ajmer,Ana Sagar Lake,Quick Bites,Average,3.4
TRM Restaurant,400,"Fast Food,Desserts,Italian,North Indian,Chinese,Rajasthani",Ajmer,Ana Sagar Lake,Casual Dining,Average,3.4
The Country & Town Cafe,550,"Ice Cream,Chinese,Cafe,Sandwich,Fast Food,Beverages,Coffee,Desserts",Ajmer,Kundan Nagar,Cafe,Average,3.4
Mamta Sweets  and bakes,200,"South Indian,Fast Food,Desserts,Chinese,Bakery,Mithai",Ajmer,Kotra,Quick Bites,Average,3.4
The Barrack,400,North Indian,Ajmer,Adarsh Nagar,Casual Dining,Average,3.1
Laltain Restaurant,400,"North Indian,Chinese",Ajmer,Kotra,Casual Dining,Average,3.3
The Belgian Waffle Co,300,"Ice Cream,Coffee,Desserts",Ajmer,Panchsheel Nagar,Dessert Parlor,Good,3.5
Cafe Coffee Time,250,"BBQ,Chinese,Cafe,Roast Chicken,Beverages,North Indian,Burger,Pizza",Ajmer,Ana Sagar Lake,Cafe,Good,3.5
Night Owl,150,"Mexican,Beverages,Fast Food,Desserts,Sandwich,Pizza,Bakery,Coffee",Ajmer,Panchsheel Nagar,Others,Average,3.2
Chat Chatore,250,Street Food,Ajmer,Ana Sagar Lake,Quick Bites,Average,3.4
Chicken King,200,North Indian,Ajmer,Railway Quarters,Quick Bites,Average,3.4
Mamta Sweets And Bakes,100,"Mithai,Bakery,Fast Food",Ajmer,Ana Sagar Lake,Sweet Shop,Average,3.4
Shiv Shankar Bakery,100,"Bakery,Fast Food",Ajmer,Adarsh Nagar,Bakery,Average,3.3
yummy Food Corner,400,"Fast Food,North Indian",Ajmer,Adarsh Nagar,Quick Bites,Average,3.3
Northern Tadka,200,North Indian,Ajmer,Ana Sagar Lake,Quick Bites,Average,3.4
Royal Spice,600,North Indian,Ajmer,Ana Sagar Lake,Casual Dining,Average,3.3
Swami Foods & Bakers,300,Bakery,Ajmer,Ana Sagar Lake,Bakery,Average,3.4
Cafe Cave,350,Cafe,Ajmer,Kotra,Cafe,Average,3.3
Hotel Star and Restaurant,300,"Street Food,Tea,Beverages,North Indian,Chinese,Salad,Coffee",Ajmer,Boraj Kazipura,Quick Bites,Good,3.6
Kha lo (Non -Veg),150,"Fast Food,North Indian,Chinese,Mughlai",Ajmer,Ana Sagar Lake,Quick Bites,Average,3.4
Annapurna Veg Restaurant,250,North Indian,Ajmer,Dhola Bhata Colony,Quick Bites,Average,3.4
Swad Restaurant,500,"North Indian,Chinese",Ajmer,Railway Quarters,Casual Dining,Average,3.3
The London Shakes,300,"Beverages,Fast Food",Ajmer,Ana Sagar Lake,Quick Bites,Good,3.5
L R Venus Cafe,250,Fast Food,Ajmer,Dhola Bhata Colony,Quick Bites,Good,3.5
Sada Adda,200,Chinese,Ajmer,Ana Sagar Lake,Quick Bites,Average,3.4
7th Heaven,250,"North Indian,Desserts,Burger",Ajmer,Ana Sagar Lake,Quick Bites,Average,3.3
Jai Hind Restaurant,300,"South Indian,Chinese",Ajmer,Railway Quarters,Quick Bites,Average,3.4
Maharaja's Restaurant,300,North Indian,Ajmer,Adarsh Nagar,Quick Bites,Average,3.3
Hotel Anurag,250,"Fast Food,Cafe,Desserts,Sandwich,North Indian,Chinese,Ice Cream",Ajmer,Pal Bhichala,Quick Bites,Average,3.3
Royal Bakers,200,Bakery,Ajmer,Ram Ganj,Bakery,Average,3.3
Chat Chatore,100,Fast Food,Ajmer,Panchsheel Nagar,Quick Bites,Average,3.3
Foodways,150,"Fast Food,North Indian,Chinese,Mughlai,Rolls",Ajmer,Kotra,Cafe,Good,3.5
Mamta Cake and Bakes,300,Bakery,Ajmer,Railway Quarters,Bakery,Average,3.2
Baskin Robbins,300,Ice Cream,Ajmer,Pal Bhichala,Dessert Parlor,Average,3.3
Kesar Sweets,250,"Beverages,Fast Food,Desserts,Bakery,Mithai",Ajmer,Kotra,Dessert Parlor,Average,3.4
Burger Express,200,"Burger,Momos,Roast Chicken,BBQ,Afghan",Ajmer,Ana Sagar Lake,Quick Bites,Average,3.2
Mamta Cakes & Bakes,400,"Fast Food,Bakery",Ajmer,Panchsheel Nagar,Bakery,Good,3.5
Mamta Cakes & Bakes,400,"Fast Food,Bakery",Ajmer,Panchsheel Nagar,Bakery,Good,3.5
Fun N Food Restaurant,500,"South Indian,Fast Food,Desserts,Italian,North Indian,Chinese",Ajmer,Dhola Bhata Colony,Casual Dining,Average,3.4
Lazeez Chick-n-Serve,200,"Biryani,Charcoal Chicken,Mughlai,North Indian",Ajmer,Panchsheel Nagar,Quick Bites,Average,3.4
The Curry & Spices,300,North Indian,Ajmer,Panchsheel Nagar,Quick Bites,Average,3.3
Elite Family Restaurant,750,"North Indian,Pizza,South Indian",Ajmer,Boraj Kazipura,Casual Dining,Average,3.2
Hotel Cross Lane,1500,"North Indian,Continental",Ajmer,Ana Sagar Lake,Casual Dining,Average,3.3
Un-Curry By Data Inn,700,"Biryani,North Indian,Afghan",Ajmer,Dhola Bhata Colony,Casual Dining,Average,3.2
Arihant Chaat And Sweets,150,"Desserts,Fast Food",Ajmer,Kotra,Quick Bites,Average,3.4
Dana Pani Kebab Restaurant,250,North Indian,Ajmer,Railway Quarters,Quick Bites,Good,3.5
Fusion,450,North Indian,Ajmer,Ana Sagar Lake,Quick Bites,Average,3.4
The Kebab Village By New Majestic,250,North Indian,Ajmer,Railway Quarters,Quick Bites,Average,3.3
Surya Shakti Bhojanalaya,200,North Indian,Ajmer,Railway Quarters,Quick Bites,Good,3.5
Vaishnav Dhaba,150,North Indian,Ajmer,Pal Bhichala,Quick Bites,Average,3.2
Real Chinese,200,Fast Food,Ajmer,Kotra,Quick Bites,Average,3.3
Raj Thali,150,North Indian,Ajmer,Adarsh Nagar,Quick Bites,Average,3.2
Mamta Misthan Bhandar,300,"Fast Food,Desserts,Bakery,Mithai",Ajmer,Ana Sagar Lake,Sweet Shop,Average,3.3
Madras Cafe,150,South Indian,Ajmer,Pal Bhichala,Cafe,Average,3.4
Manoj Fast Food,300,"Fast Food,North Indian",Ajmer,Adarsh Nagar,Quick Bites,Average,3.3
Mamta Bakes Pvt Ltd,100,"Bakery,Fast Food",Ajmer,Ana Sagar Lake,Bakery,Average,3.2
Hoko Fast Food Corner,150,"Chinese,Fast Food,Pizza,Burger,Sandwich,Beverages",Ajmer,Pal Bhichala,Quick Bites,Average,3.3
Beans Restaurant,600,"North Indian,Chinese,Fast Food",Ajmer,Ana Sagar Lake,Casual Dining,Average,3.4
The Roll Junction,200,"Rolls,Fast Food",Ajmer,Ana Sagar Lake,Quick Bites,Average,3.4
Foody Cart,300,"North Indian,Fast Food",Ajmer,Dhola Bhata Colony,Others,Average,3.2
Deepak Restaurant,400,"Fast Food,North Indian,Chinese",Ajmer,Ana Sagar Lake,Quick Bites,Average,3.2
Vaishnav Chaat Bhandar,100,Fast Food,Ajmer,Ana Sagar Lake,Quick Bites,Average,3.4
Chatkaraa,300,North Indian,Ajmer,Adarsh Nagar,Quick Bites,Average,3.2
Mast Mahadev Dhaba,200,North Indian,Ajmer,Adarsh Nagar,Quick Bites,Average,3.2
Kitchen Magic,400,Fast Food,Ajmer,Dhola Bhata Colony,Others,Average,3.2
Samy Restaurant,150,"Fast Food,North Indian,Chinese,Rolls",Ajmer,Pal Bhichala,Quick Bites,Average,3.3
Courtyard Kitchen,1000,"North Indian,Chinese",Ajmer,Police Lines,Casual Dining,Average,3.2
Sunrise Bakers,150,"Bakery,Desserts",Ajmer,Ana Sagar Lake,Bakery,Average,3.4
Down Town Cafe & Restaurant,700,"North Indian,Chinese",Ajmer,Adarsh Nagar,Quick Bites,Average,3.4
Arora's  Mobile Restaurant,400,North Indian,Ajmer,Ana Sagar Lake,Quick Bites,Average,3.2
Gullu Di Bhatti,250,"North Indian,Chinese,Afghan,Kebab",Ajmer,Kundan Nagar,Others,Average,3.2
Vaishali Restaurant,150,North Indian,Ajmer,Ana Sagar Lake,Quick Bites,Average,3.4
Lemon Balm,200,North Indian,Ajmer,Panchsheel Nagar,Quick Bites,Average,3.2
KC Inn Restaurant,600,"Continental,South Indian,Desserts,North Indian,Chinese",Ajmer,Ana Sagar Lake,Casual Dining,Average,3.2
Sky Lounge,700,"North Indian,Chinese,Continental",Ajmer,Ram Ganj,Casual Dining,Average,3.4
Brown Bake,200,"Fast Food,Bakery",Ajmer,Ana Sagar Lake,Bakery,Average,3.2
Krishna Family Dhaba,500,"Fast Food,North Indian,Chinese,Rajasthani",Ajmer,Ram Ganj,Quick Bites,Average,3.2
Shiv Mahima Rajasthani Tadka,200,North Indian,Ajmer,Ana Sagar Lake,Quick Bites,Average,3.4
RJ-01 Restaurant,200,"North Indian,Fast Food",Ajmer,Ana Sagar Lake,Quick Bites,Average,3.4
T- Mos,550,North Indian,Ajmer,Ana Sagar Lake,Casual Dining,Average,3.2
Monil Special Fast Food,150,Fast Food,Ajmer,Railway Quarters,Quick Bites,Average,3.4
Bar Code,600,"North Indian,Chinese,Continental",Ajmer,Ram Ganj,Casual Dining,Average,3.4
Mad About Food,500,"North Indian,South Indian,Chinese",Ajmer,Ana Sagar Lake,Casual Dining,Average,3.2
Gaytri Dosa Centre,100,South Indian,Ajmer,Kotra,Others,Average,3.2
Hotel Gulab Palace And Restaurant,400,North Indian,Ajmer,Boraj Kazipura,Quick Bites,Average,3.4
Shiv Shankar Juice,100,"Juices,Beverages",Ajmer,Ana Sagar Lake,Beverage Shop,Average,3.2
Omni Restaurant,400,"North Indian,South Indian,Fast Food",Ajmer,Police Lines,Quick Bites,Average,3.2
Darbar Restaurant,200,"North Indian,Kebab,Indian",Ajmer,Panchsheel Nagar,Quick Bites,Average,3.4
Lake Heaven Restaurant,200,"North Indian,Fast Food",Ajmer,Ana Sagar Lake,Quick Bites,Average,3.4
Suruchi,250,North Indian,Ajmer,Ana Sagar Lake,Quick Bites,Average,3.4
Laxmi Bhojanalaya,300,"North Indian,Salad",Ajmer,Railway Quarters,Quick Bites,Average,3.2
Shri Ambika Bhojanalaya,150,"Street Food,Beverages,North Indian,Rajasthani",Ajmer,Railway Quarters,Quick Bites,Average,3.2
Excellenceee,300,"Fast Food,Sandwich,Italian,Pizza,North Indian,Chinese",Ajmer,Railway Quarters,Cafe,Average,3.4
Naayaab Restaurant,350,North Indian,Ajmer,Adarsh Nagar,Quick Bites,Average,3.4
Lazeez Garden Restaurant,150,North Indian,Ajmer,Kotra,Quick Bites,Average,3.4
Dua's Tandoori Junction,350,North Indian,Ajmer,Dhola Bhata Colony,Quick Bites,Average,3.4
New Victory Restaurant,500,North Indian,Ajmer,Ana Sagar Lake,Casual Dining,Average,3.4
Mamta Cakes & Bakes,100,"Bakery,Fast Food",Ajmer,Dhola Bhata Colony,Bakery,Average,3.4
Muskan Garden Restaurant,500,North Indian,Ajmer,Panchsheel Nagar,Quick Bites,Average,3.4
The Cinnamon,1000,"Chinese,North Indian",Ajmer,Ana Sagar Lake,Casual Dining,Average,3.4
Ambika Bhojnalaya,300,Indian,Ajmer,Railway Quarters,Quick Bites,Average,3.4
Yellow Chilly,200,Fast Food,Ajmer,Panchsheel Nagar,Quick Bites,Average,3.4
Apna Dhaba,200,North Indian,Ajmer,Ana Sagar Lake,Quick Bites,Average,3.4
Rajababu's Kitchen,200,North Indian,Ajmer,Kundan Nagar,Quick Bites,Average,3.4
Chokho Moco,200,"Chinese,North Indian",Ajmer,Kotra,Quick Bites,Average,3.4
Mugs Coffee Lounge,600,"North Indian,Cafe,Chinese",Ajmer,Police Lines,Cafe,Average,3.4
Recharge Cafe,300,"Beverages,Burger,Cafe,Chinese,Coffee,Fast Food,Hot dogs,Pizza",Ajmer,Panchsheel Nagar,Cafe,Average,3.4
Eat & Meet cafe,450,Cafe,Ajmer,Dhola Bhata Colony,Cafe,Average,3.4
Sugar N Spice,450,Bakery,Ajmer,Adarsh Nagar,Bakery,Average,3.4
Cafe La Joie,200,Fast Food,Ajmer,Dhola Bhata Colony,Others,Average,3.2
Nakul Bakers and Confectioner,250,Fast Food,Ajmer,Railway Quarters,Quick Bites,Average,3.4
Hotel City Pride,600,North Indian,Ajmer,Railway Quarters,Casual Dining,Average,3.4
Thai Cha,348,"Chinese,Thai",Ajmer,Ana Sagar Lake,Quick Bites,Average,3.4
Roll Express,300,"Momos,Roast Chicken,BBQ,Rolls,Afghan",Ajmer,Ana Sagar Lake,Quick Bites,Good,3.7
Kebabs & Curries Company,750,"North Indian,Chinese,Mughlai,Rolls",Ajmer,Ana Sagar Lake,Casual Dining,Good,3.7
Paapi पेट The Restaurant,200,"Biryani,Roast Chicken,North Indian,Mughlai",Ajmer,Ana Sagar Lake,Quick Bites,Good,3.7
Old Mahadev Ka Dhaba,300,"North Indian,Rajasthani",Ajmer,Ana Sagar Lake,Dhaba,Good,3.6
Pizza Hut,600,Pizza,Ajmer,Ana Sagar Lake,Quick Bites,Average,3.4
Kha Lo,150,"Burger,Beverages,Fast Food,Sandwich,Italian,Pizza,Chinese",Ajmer,Ana Sagar Lake,Quick Bites,Good,3.7
Khokha,600,Cafe,Ajmer,Ana Sagar Lake,Cafe,Average,3.3
Mamta Sweets,400,"South Indian,Fast Food,Italian,Chinese,Bakery,Mithai",Ajmer,Ana Sagar Lake,Sweet Shop,Good,3.9
Mr Beans Pizza,400,Pizza,Ajmer,Ana Sagar Lake,Quick Bites,Average,3.3
Mamta Ice Breaker,400,"South Indian,Fast Food,Italian,Chinese",Ajmer,Ana Sagar Lake,Dessert Parlor,Good,3.7
Ambrosia Restaurant,600,North Indian,Ajmer,Ana Sagar Lake,Casual Dining,Good,3.5
Cake Craft By Mango Masala,470,"Desserts,Bakery",Ajmer,Ana Sagar Lake,Dessert Parlor,Good,3.7
Subway,500,"Healthy Food,Sandwich,Salad",Ajmer,Ana Sagar Lake,Quick Bites,Good,3.6
Mamaji's Chicken Point,450,"North Indian,Roast Chicken,BBQ,Mughlai,Kebab,Awadhi",Ajmer,Ana Sagar Lake,Quick Bites,Good,3.5
Sunny Di Hatti Amritsari,400,"Beverages,Fast Food,North Indian,Chinese",Ajmer,Ana Sagar Lake,Quick Bites,Good,3.6
Chick'n express,200,"North Indian,Biryani,Chinese,Kebab,BBQ",Ajmer,Ana Sagar Lake,Casual Dining,Good,3.8
Tea Connect,400,Cafe,Ajmer,Ana Sagar Lake,Cafe,Good,3.5
Crazy Tales,500,"Salad,Chinese,Sandwich,Beverages,North Indian,Burger,Desserts,Pizza",Ajmer,Ana Sagar Lake,Casual Dining,Average,3.4
Manoj's Kake Di Hatti,200,North Indian,Ajmer,Railway Quarters,Quick Bites,Average,3.4
Ashu Sweets,250,"Mithai,Bakery,Fast Food",Ajmer,Railway Quarters,Sweet Shop,Average,3.4
Manoj's Kake De Hatti,400,North Indian,Ajmer,Ana Sagar Lake,Quick Bites,Good,3.6
Roti Boti,300,North Indian,Ajmer,Adarsh Nagar,Quick Bites,Good,3.5
Cafe Ate Pm,300,"Chinese,Cafe,Sandwich,Fast Food,North Indian,Coffee,Desserts,Pizza",Ajmer,Dhola Bhata Colony,Quick Bites,Good,3.7
Pizzeria By Mango Masala,500,"Italian,Pizza",Ajmer,Ana Sagar Lake,Casual Dining,Good,3.6
Honeydew,700,"Continental,South Indian,Fast Food,North Indian,Chinese,Mughlai",Ajmer,Railway Quarters,Casual Dining,Good,3.7
Pandit Restaurant,250,"Biryani,North Indian",Ajmer,Ana Sagar Lake,Casual Dining,Good,3.7
Kesar,500,"Mexican,South Indian,Fast Food,Desserts,Italian,North Indian,Chinese,Rajasthani",Ajmer,Kotra,Casual Dining,Good,3.5
Arora's Restaurant,400,"BBQ,Chinese,Roast Chicken,North Indian,Kebab,Afghan,Mughlai",Ajmer,Ana Sagar Lake,Quick Bites,Good,3.7
The Tandoor Restaurant,300,"North Indian,Biryani,Chinese",Ajmer,Ana Sagar Lake,Quick Bites,Good,3.6
Romy's Fine Dine,800,"Chinese,North Indian,Pizza,Biryani",Ajmer,Ana Sagar Lake,Casual Dining,Average,3.4
Punjabi Tadka,250,Mughlai,Ajmer,Ana Sagar Lake,Casual Dining,Good,3.5
Balaji Juice,100,Beverages,Ajmer,Ana Sagar Lake,Beverage Shop,Good,3.5
Bake My Day,500,"Bakery,Fast Food",Ajmer,Adarsh Nagar,Bakery,Average,3.3
Coffo Holic,600,"South Indian,Fast Food,Cafe,Italian,North Indian,Bakery,BBQ,Afghan",Ajmer,Ana Sagar Lake,Cafe,Good,3.5
Striker,250,"Fast Food,North Indian",Ajmer,Panchsheel Nagar,Quick Bites,Good,3.5
chaat chatore,100,"Fast Food,Cafe,Indian,Pizza,Street Food",Ajmer,Ana Sagar Lake,Cafe,Average,3.4
Shankar's Chaat,60,Street Food,Ajmer,Ana Sagar Lake,Quick Bites,Good,3.5
Love Cafetaria,100,"Beverages,South Indian,Fast Food,Sandwich,Pizza,Chinese",Ajmer,Ana Sagar Lake,Quick Bites,Good,3.5
Havmor,800,"North Indian,Pizza,Biryani",Ajmer,Ana Sagar Lake,Casual Dining,Average,3.3
Karim's Restaurant,500,Mughlai,Ajmer,Pal Bhichala,Casual Dining,Good,3.6
Don Tomato,150,"Chinese,Sandwich,Fast Food,North Indian,Burger,Rolls,Pizza,South Indian",Ajmer,Ana Sagar Lake,Quick Bites,Good,3.6
Midtown Grill,600,"North Indian,Chinese",Ajmer,Ana Sagar Lake,Casual Dining,Average,3.3
Manoj's Kake Di Hatti,400,"Fast Food,North Indian,Rajasthani",Ajmer,Dhola Bhata Colony,Quick Bites,Average,3.3
Vapor Cafe and Restaurant,500,North Indian,Ajmer,Panchsheel Nagar,Cafe,Average,3.4
Shamby's Cafe,200,"South Indian,Fast Food,Cafe,Pizza,Chinese,Coffee",Ajmer,Ana Sagar Lake,Quick Bites,Average,3.4
Jain Namkeen,150,Mithai,Ajmer,Hathi Khera,Sweet Shop,Good,3.5
Sindh Punjab Dhaba,400,"North Indian,Rajasthani",Ajmer,Ana Sagar Lake,Quick Bites,Good,3.7
FYI,200,Fast Food,Ajmer,Ana Sagar Lake,Quick Bites,Average,3.4
A-One Fast Food &Pizza Point,150,"Street Food,Fast Food,Sandwich,Pizza,Chinese,Momos,Coffee",Ajmer,Ana Sagar Lake,Quick Bites,Average,3.4
Momos Mania,150,"Burger,Fast Food,Pizza,Chinese",Ajmer,Dhola Bhata Colony,Casual Dining,Average,3.4
Menu Restaurant,550,North Indian,Ajmer,Kotra,Casual Dining,Average,3.2
Laxmi Confectioners,150,Mithai,Ajmer,Railway Quarters,Confectionery,Average,3.4
Baba Soya chaap,150,Fast Food,Ajmer,Ana Sagar Lake,Food Truck,Average,3.3
Burger Street,300,"Ice Cream,Sandwich,Fast Food,Burger,Wraps,Coffee,Desserts",Ajmer,Panchsheel Nagar,Quick Bites,Average,3.3
Dhanna Kachori,20,North Indian,Ajmer,Panchsheel Nagar,Quick Bites,Average,3.4
Dhanna Kachori Vaishali,100,Fast Food,Ajmer,Ana Sagar Lake,Quick Bites,Average,3.4
Rajdeep Family Restaurant,300,"Fast Food,North Indian",Ajmer,Railway Quarters,Quick Bites,Good,3.6
Spiceum,200,"Ice Cream,Fast Food",Ajmer,Panchsheel Nagar,Quick Bites,Average,3.3
Riviera Restaurant,500,"Biryani,North Indian,Chinese",Ajmer,Boraj Kazipura,Casual Dining,Average,3.3
2 Roti 2 Boti,150,North Indian,Ajmer,Panchsheel Nagar,Quick Bites,Good,3.5
Shree Bhomji Misthan Bhandar,150,"Mithai,Street Food",Ajmer,Ana Sagar Lake,Sweet Shop,Average,3.3
Royal recepies,250,Fast Food,Ajmer,Ana Sagar Lake,Food Truck,Average,3.4
Twist on wheels,200,Fast Food,Ajmer,Ana Sagar Lake,Food Truck,Average,3.2
Chilly Spicy Dhaba,250,"North Indian,Chinese",Ajmer,Panchsheel Nagar,Quick Bites,Average,3.4
Mast Mahadev Dhaba,300,"Fast Food,North Indian",Ajmer,Ana Sagar Lake,Quick Bites,Good,3.5
Pizza Point,250,"Pizza,Fast Food",Ajmer,Railway Quarters,Quick Bites,Average,3.3
Shree Jodhpur Sweets,100,"Fast Food,Mithai",Ajmer,Ana Sagar Lake,Sweet Shop,Average,3.3
Bhagwanti Juice Centre,100,Beverages,Ajmer,Ana Sagar Lake,Beverage Shop,Average,3.4
Brijwasi,200,"Chinese,Fast Food",Ajmer,Kotra,Quick Bites,Good,3.5
Vijay Bakers & Confectioners,300,"Bakery,Fast Food",Ajmer,Railway Quarters,Bakery,Average,3.4
Shree Maan Ji Chaat Bhandar,100,Fast Food,Ajmer,Panchsheel Nagar,Quick Bites,Average,3.3
Olive Kitchen,700,"Biryani,Italian,North Indian,Salad,Afghan,Kebab",Ajmer,Ana Sagar Lake,Casual Dining,Average,3.3
Raseela,150,Drinks Only,Ajmer,Railway Quarters,Beverage Shop,Average,3.4
Kashish Pure Veg Family Restaurant,400,"North Indian,Fast Food",Ajmer,Ana Sagar Lake,Casual Dining,Average,3.4
Deshi tadka,150,"North Indian,Fast Food",Ajmer,Ana Sagar Lake,Food Truck,Average,3.2
Pehli Manzil,300,"Continental,Biryani,Beverages,South Indian,Italian,North Indian,Chinese,Rajasthani",Ajmer,Railway Quarters,Casual Dining,Average,3.3
Bunty fast food,150,Fast Food,Ajmer,Kotra,Quick Bites,Average,3.2
Azad Sweets,150,Desserts,Ajmer,Ana Sagar Lake,Dessert Parlor,Good,3.5
The Royal Thadi,100,Fast Food,Ajmer,Kotra,Quick Bites,Average,3.2
Yummy Tummy (The Food Zone),100,Fast Food,Ajmer,Ana Sagar Lake,Quick Bites,Average,3.2
Jaipur Jungle,600,"Continental,Burger,Beverages,Fast Food,Italian,North Indian,Chinese,Rajasthani",Ajmer,Ana Sagar Lake,Casual Dining,Average,3.2
Mast Punjabi Tadka,300,North Indian,Ajmer,Ram Ganj,Quick Bites,Good,3.5
Shakes Pi Yaar,100,"Beverages,Desserts",Ajmer,Railway Quarters,Quick Bites,Average,3.2
Status By Silver Leaf,600,North Indian,Ajmer,Ana Sagar Lake,Casual Dining,Good,3.5
Bambaiya Vada Paw,150,Fast Food,Ajmer,Ana Sagar Lake,Quick Bites,Average,3.4
Vijay Bakery,200,"Fast Food,Desserts,Bakery",Ajmer,Ana Sagar Lake,Bakery,Average,3.3
Kitchen One Fast Food,300,Fast Food,Ajmer,Adarsh Nagar,Quick Bites,Average,3.2
Hotel Atlantica,300,"North Indian,Fast Food",Ajmer,Kotra,Fine Dining,Average,3.2
Chilli Charly Food Point,150,Fast Food,Ajmer,Panchsheel Nagar,Food Truck,Average,3.3
RJ-01AC  Family  Restaurant and Fast Food,250,"Fast Food,Sandwich,Hot dogs,Pizza,North Indian,Chinese,Rajasthani,Kebab",Ajmer,Panchsheel Nagar,Casual Dining,Average,3.4
Shri Devnarayan Sweets,100,"Indian,Mithai",Ajmer,Adarsh Nagar,Sweet Shop,Average,3.2
Dine In Peace,350,North Indian,Ajmer,Ana Sagar Lake,Quick Bites,Average,3.4
Shree Ram Namkeen,200,Bakery,Ajmer,Ana Sagar Lake,Bakery,Average,3.4
Anmol Fast Food Corner,100,Fast Food,Ajmer,Adarsh Nagar,Quick Bites,Average,3.2
Cafe CSM,300,"South Indian,Fast Food,Italian,North Indian,Chinese,Coffee",Ajmer,Panchsheel Nagar,Food Court,Average,3.3
Chandumal Gagumal  Restaurant and Sweet store,150,"Bakery,Mithai,North Indian",Ajmer,Railway Quarters,Fine Dining,Average,3.2
Brown Bake,350,"Mexican,Beverages,Fast Food,Cafe,Italian,North Indian,Chinese,Bakery",Ajmer,Kotra,Cafe,Average,3.4
New In Town,150,Fast Food,Ajmer,Ana Sagar Lake,Others,Average,3.2
The Box Office Cafe & Restro,350,"Cafe,North Indian",Ajmer,Ana Sagar Lake,Cafe,Good,3.6
Hot-Shots,200,"Chinese,Fast Food",Ajmer,Ana Sagar Lake,Quick Bites,Average,3.4
Jacob Fast Food,300,Fast Food,Ajmer,Ram Ganj,Quick Bites,Average,3.4
Farmer's Fresh,100,Fast Food,Ajmer,Ana Sagar Lake,Quick Bites,Average,3.4
Sunny Di hatti ( A unit of kitchen queen pooja),100,North Indian,Ajmer,Railway Quarters,Casual Dining,Average,3.4
Tiffin Centre,350,North Indian,Ajmer,Kotra,Others,Average,3.2
Shri Mahadev's,100,Street Food,Ajmer,Ana Sagar Lake,Quick Bites,Average,3.4
Om Ice Cream,100,Ice Cream,Ajmer,Kotra,Dessert Parlor,Good,3.5
Friend's Cafe,100,Fast Food,Ajmer,Ram Ganj,Quick Bites,Average,3.4
Foodies Multi Cuisine Restaurant,200,"North Indian,Chinese",Ajmer,Panchsheel Nagar,Quick Bites,Average,3.4
Maha Rani Tiffin Centre,200,Rajasthani,Ajmer,Ana Sagar Lake,Others,Average,3.2
Tejasvini Foods,300,"North Indian,Chinese",Ajmer,Kundan Nagar,Quick Bites,Average,3.4
Sadda Adda,348,North Indian,Ajmer,Ana Sagar Lake,Others,Average,3.2
Gangaram Amarcchand Halwai,250,"Mithai,North Indian",Ajmer,Railway Quarters,Others,Average,3.2
JMD Fast Food,100,"Fast Food,Chinese",Ajmer,Dhola Bhata Colony,Quick Bites,Average,3.4
Malgudi Day's,150,North Indian,Ajmer,Panchsheel Nagar,Quick Bites,Good,3.6
Lassi Shop,150,"Fast Food,Beverages",Ajmer,Hathi Khera,Quick Bites,Good,3.5
Goyal Fast Food,200,"Fast Food,Pizza,Chinese",Ajmer,Ram Ganj,Quick Bites,Good,3.7
Chawla's,300,North Indian,Ajmer,Ana Sagar Lake,Quick Bites,Average,3.3
